codigo_mesa	id_eleccion	partido_id	votos	pct_votos_validos	pct_votos_emitidos
000150	10	10	83	61.94	59.286
000150	10	8	50	37.313	35.714
000150	10	80	1	0.0	0.714
000150	10	81	5	0.0	3.571
000150	10	82	1	0.0	0.714
000213	10	10	95	70.37	65.068
000213	10	8	40	29.63	27.397
000213	10	80	1	0.0	0.685
000213	10	81	10	0.0	6.849
000213	10	82	0	0.0	0.0
000229	10	10	99	53.514	33.673
000229	10	8	86	46.486	29.252
000229	10	80	97	0.0	32.993
000229	10	81	12	0.0	4.082
000229	10	82	0	0.0	0.0
000233	10	10	119	56.667	40.476
000233	10	8	91	43.333	30.952
000233	10	80	74	0.0	25.17
000233	10	81	10	0.0	3.401
000233	10	82	0	0.0	0.0
000276	10	10	95	52.778	51.075
000276	10	8	85	47.222	45.699
000276	10	80	0	0.0	0.0
000276	10	81	6	0.0	3.226
000276	10	82	0	0.0	0.0
000465	10	10	31	73.81	70.455
000465	10	8	11	26.19	25.0
000465	10	80	1	0.0	2.273
000465	10	81	1	0.0	2.273
000465	10	82	0	0.0	0.0
000543	10	10	67	46.528	44.966
000543	10	8	77	53.472	51.678
000543	10	80	2	0.0	1.342
000543	10	81	3	0.0	2.013
000543	10	82	0	0.0	0.0
000657	10	10	107	75.352	72.297
000657	10	8	35	24.648	23.649
000657	10	80	1	0.0	0.676
000657	10	81	5	0.0	3.378
000657	10	82	0	0.0	0.0
000805	10	10	113	59.162	55.392
000805	10	8	77	40.314	37.745
000805	10	80	2	0.0	0.98
000805	10	81	11	0.0	5.392
000805	10	82	1	0.0	0.49
000845	10	10	130	67.708	63.725
000845	10	8	62	32.292	30.392
000845	10	80	2	0.0	0.98
000845	10	81	10	0.0	4.902
000845	10	82	0	0.0	0.0
000886	10	10	117	58.794	57.073
000886	10	8	82	41.206	40.0
000886	10	80	2	0.0	0.976
000886	10	81	4	0.0	1.951
000886	10	82	0	0.0	0.0
000898	10	10	117	66.857	59.391
000898	10	8	58	33.143	29.442
000898	10	80	1	0.0	0.508
000898	10	81	21	0.0	10.66
000898	10	82	0	0.0	0.0
000977	10	10	114	62.637	61.29
000977	10	8	68	37.363	36.559
000977	10	80	2	0.0	1.075
000977	10	81	2	0.0	1.075
000977	10	82	0	0.0	0.0
001236	10	10	125	57.339	54.585
001236	10	8	92	42.202	40.175
001236	10	80	1	0.0	0.437
001236	10	81	10	0.0	4.367
001236	10	82	1	0.0	0.437
001254	10	10	141	65.278	60.256
001254	10	8	75	34.722	32.051
001254	10	80	1	0.0	0.427
001254	10	81	17	0.0	7.265
001254	10	82	0	0.0	0.0
001287	10	10	114	57.868	54.545
001287	10	8	83	42.132	39.713
001287	10	80	3	0.0	1.435
001287	10	81	9	0.0	4.306
001287	10	82	0	0.0	0.0
001295	10	10	124	70.455	64.921
001295	10	8	52	29.545	27.225
001295	10	80	3	0.0	1.571
001295	10	81	12	0.0	6.283
001295	10	82	0	0.0	0.0
001532	10	10	85	61.151	50.296
001532	10	8	54	38.849	31.953
001532	10	80	6	0.0	3.55
001532	10	81	24	0.0	14.201
001532	10	82	0	0.0	0.0
001590	10	10	105	63.636	62.13
001590	10	8	60	36.364	35.503
001590	10	80	1	0.0	0.592
001590	10	81	3	0.0	1.775
001590	10	82	0	0.0	0.0
001735	10	10	55	36.913	34.161
001735	10	8	94	63.087	58.385
001735	10	80	3	0.0	1.863
001735	10	81	9	0.0	5.59
001735	10	82	0	0.0	0.0
001766	10	10	92	41.256	38.494
001766	10	8	131	58.744	54.812
001766	10	80	3	0.0	1.255
001766	10	81	13	0.0	5.439
001766	10	82	0	0.0	0.0
001960	10	10	121	76.582	69.54
001960	10	8	35	22.152	20.115
001960	10	80	6	0.0	3.448
001960	10	81	10	0.0	5.747
001960	10	82	2	0.0	1.149
001971	10	10	128	73.988	68.817
001971	10	8	45	26.012	24.194
001971	10	80	2	0.0	1.075
001971	10	81	11	0.0	5.914
001971	10	82	0	0.0	0.0
002031	10	10	88	83.019	76.522
002031	10	8	18	16.981	15.652
002031	10	80	3	0.0	2.609
002031	10	81	6	0.0	5.217
002031	10	82	0	0.0	0.0
002043	10	10	99	75.573	75.573
002043	10	8	32	24.427	24.427
002043	10	80	0	0.0	0.0
002043	10	81	0	0.0	0.0
002043	10	82	0	0.0	0.0
002128	10	10	84	65.116	60.0
002128	10	8	43	33.333	30.714
002128	10	80	3	0.0	2.143
002128	10	81	8	0.0	5.714
002128	10	82	2	0.0	1.429
002148	10	10	130	69.892	66.327
002148	10	8	56	30.108	28.571
002148	10	80	2	0.0	1.02
002148	10	81	8	0.0	4.082
002148	10	82	0	0.0	0.0
002180	10	10	47	16.491	15.667
002180	10	8	27	9.474	9.0
002180	10	80	1	0.0	0.333
002180	10	81	14	0.0	4.667
002180	10	82	211	0.0	70.333
002181	10	10	43	14.576	14.333
002181	10	8	36	12.203	12.0
002181	10	80	1	0.0	0.333
002181	10	81	4	0.0	1.333
002181	10	82	216	0.0	72.0
002196	10	10	56	67.47	67.47
002196	10	8	27	32.53	32.53
002196	10	80	0	0.0	0.0
002196	10	81	0	0.0	0.0
002196	10	82	0	0.0	0.0
002224	10	10	115	84.559	75.658
002224	10	8	21	15.441	13.816
002224	10	80	4	0.0	2.632
002224	10	81	12	0.0	7.895
002224	10	82	0	0.0	0.0
002315	10	10	101	70.629	63.522
002315	10	8	42	29.371	26.415
002315	10	80	3	0.0	1.887
002315	10	81	13	0.0	8.176
002315	10	82	0	0.0	0.0
002316	10	10	83	64.341	60.584
002316	10	8	46	35.659	33.577
002316	10	80	1	0.0	0.73
002316	10	81	7	0.0	5.109
002316	10	82	0	0.0	0.0
002410	10	10	81	63.78	62.791
002410	10	8	46	36.22	35.659
002410	10	80	0	0.0	0.0
002410	10	81	2	0.0	1.55
002410	10	82	0	0.0	0.0
002456	10	10	90	40.724	37.975
002456	10	8	130	58.824	54.852
002456	10	80	1	0.0	0.422
002456	10	81	15	0.0	6.329
002456	10	82	1	0.0	0.422
002469	10	10	101	44.889	40.726
002469	10	8	124	55.111	50.0
002469	10	80	0	0.0	0.0
002469	10	81	23	0.0	9.274
002469	10	82	0	0.0	0.0
002583	10	10	71	49.65	35.323
002583	10	8	72	50.35	35.821
002583	10	80	1	0.0	0.498
002583	10	81	57	0.0	28.358
002583	10	82	0	0.0	0.0
002760	10	10	123	56.682	51.037
002760	10	8	94	43.318	39.004
002760	10	80	0	0.0	0.0
002760	10	81	24	0.0	9.959
002760	10	82	0	0.0	0.0
002770	10	10	90	41.284	37.657
002770	10	8	128	58.716	53.556
002770	10	80	2	0.0	0.837
002770	10	81	19	0.0	7.95
002770	10	82	0	0.0	0.0
002774	10	10	101	52.604	33.667
002774	10	8	91	47.396	30.333
002774	10	80	94	0.0	31.333
002774	10	81	14	0.0	4.667
002774	10	82	0	0.0	0.0
002834	10	10	91	43.333	40.807
002834	10	8	114	54.286	51.121
002834	10	80	1	0.0	0.448
002834	10	81	12	0.0	5.381
002834	10	82	5	0.0	2.242
002915	10	10	113	51.835	48.291
002915	10	8	105	48.165	44.872
002915	10	80	1	0.0	0.427
002915	10	81	15	0.0	6.41
002915	10	82	0	0.0	0.0
003153	10	10	101	51.269	44.69
003153	10	8	96	48.731	42.478
003153	10	80	2	0.0	0.885
003153	10	81	27	0.0	11.947
003153	10	82	0	0.0	0.0
003211	10	10	125	58.14	52.966
003211	10	8	89	41.395	37.712
003211	10	80	0	0.0	0.0
003211	10	81	21	0.0	8.898
003211	10	82	1	0.0	0.424
003240	10	10	132	61.111	56.41
003240	10	8	84	38.889	35.897
003240	10	80	3	0.0	1.282
003240	10	81	15	0.0	6.41
003240	10	82	0	0.0	0.0
003419	10	10	125	54.348	50.403
003419	10	8	104	45.217	41.935
003419	10	80	1	0.0	0.403
003419	10	81	17	0.0	6.855
003419	10	82	1	0.0	0.403
003423	10	10	123	52.79	49.398
003423	10	8	109	46.781	43.775
003423	10	80	1	0.0	0.402
003423	10	81	15	0.0	6.024
003423	10	82	1	0.0	0.402
003608	10	10	116	53.704	47.934
003608	10	8	100	46.296	41.322
003608	10	80	24	0.0	9.917
003608	10	81	2	0.0	0.826
003608	10	82	0	0.0	0.0
003629	10	10	110	50.926	47.21
003629	10	8	106	49.074	45.494
003629	10	80	1	0.0	0.429
003629	10	81	16	0.0	6.867
003629	10	82	0	0.0	0.0
003777	10	10	121	65.405	61.735
003777	10	8	63	34.054	32.143
003777	10	80	3	0.0	1.531
003777	10	81	8	0.0	4.082
003777	10	82	1	0.0	0.51
003952	10	10	111	81.618	76.552
003952	10	8	25	18.382	17.241
003952	10	80	3	0.0	2.069
003952	10	81	6	0.0	4.138
003952	10	82	0	0.0	0.0
003982	10	10	112	73.684	67.879
003982	10	8	39	25.658	23.636
003982	10	80	2	0.0	1.212
003982	10	81	11	0.0	6.667
003982	10	82	1	0.0	0.606
004053	10	10	97	48.02	43.694
004053	10	8	104	51.485	46.847
004053	10	80	1	0.0	0.45
004053	10	81	19	0.0	8.559
004053	10	82	1	0.0	0.45
004066	10	10	98	70.0	37.121
004066	10	8	42	30.0	15.909
004066	10	80	116	0.0	43.939
004066	10	81	8	0.0	3.03
004066	10	82	0	0.0	0.0
004070	10	10	72	36.0	31.718
004070	10	8	128	64.0	56.388
004070	10	80	1	0.0	0.441
004070	10	81	26	0.0	11.454
004070	10	82	0	0.0	0.0
004189	10	10	129	64.179	58.636
004189	10	8	71	35.323	32.273
004189	10	80	2	0.0	0.909
004189	10	81	17	0.0	7.727
004189	10	82	1	0.0	0.455
004228	10	10	147	71.014	65.625
004228	10	8	59	28.502	26.339
004228	10	80	0	0.0	0.0
004228	10	81	17	0.0	7.589
004228	10	82	1	0.0	0.446
004618	10	10	127	84.106	77.914
004618	10	8	22	14.57	13.497
004618	10	80	5	0.0	3.067
004618	10	81	7	0.0	4.294
004618	10	82	2	0.0	1.227
004692	10	10	191	81.624	77.642
004692	10	8	43	18.376	17.48
004692	10	80	0	0.0	0.0
004692	10	81	12	0.0	4.878
004692	10	82	0	0.0	0.0
004850	10	10	125	91.241	88.652
004850	10	8	12	8.759	8.511
004850	10	80	0	0.0	0.0
004850	10	81	4	0.0	2.837
004850	10	82	0	0.0	0.0
004925	10	10	104	80.0	73.239
004925	10	8	26	20.0	18.31
004925	10	80	6	0.0	4.225
004925	10	81	6	0.0	4.225
004925	10	82	0	0.0	0.0
005117	10	10	137	87.821	83.03
005117	10	8	19	12.179	11.515
005117	10	80	1	0.0	0.606
005117	10	81	8	0.0	4.848
005117	10	82	0	0.0	0.0
005528	10	10	130	58.824	55.319
005528	10	8	89	40.271	37.872
005528	10	80	0	0.0	0.0
005528	10	81	14	0.0	5.957
005528	10	82	2	0.0	0.851
005632	10	10	0	0.0	0.0
005632	10	8	88	100.0	97.778
005632	10	80	2	0.0	2.222
005632	10	81	0	0.0	0.0
005632	10	82	0	0.0	0.0
005755	10	10	117	64.641	64.641
005755	10	8	51	28.177	28.177
005755	10	80	0	0.0	0.0
005755	10	81	0	0.0	0.0
005755	10	82	13	0.0	7.182
005819	10	10	0	0.0	0.0
005819	10	8	111	100.0	88.8
005819	10	80	2	0.0	1.6
005819	10	81	12	0.0	9.6
005819	10	82	0	0.0	0.0
005983	10	10	180	65.934	65.934
005983	10	8	75	27.473	27.473
005983	10	80	0	0.0	0.0
005983	10	81	0	0.0	0.0
005983	10	82	18	0.0	6.593
006319	10	10	158	69.912	64.49
006319	10	8	68	30.088	27.755
006319	10	80	0	0.0	0.0
006319	10	81	19	0.0	7.755
006319	10	82	0	0.0	0.0
006376	10	10	186	80.87	80.87
006376	10	8	44	19.13	19.13
006376	10	80	0	0.0	0.0
006376	10	81	0	0.0	0.0
006376	10	82	0	0.0	0.0
007501	10	10	71	32.42	30.342
007501	10	8	147	67.123	62.821
007501	10	80	0	0.0	0.0
007501	10	81	15	0.0	6.41
007501	10	82	1	0.0	0.427
007584	10	10	83	35.931	35.931
007584	10	8	148	64.069	64.069
007584	10	80	0	0.0	0.0
007584	10	81	0	0.0	0.0
007584	10	82	0	0.0	0.0
007753	10	10	80	49.08	44.693
007753	10	8	83	50.92	46.369
007753	10	80	0	0.0	0.0
007753	10	81	16	0.0	8.939
007753	10	82	0	0.0	0.0
007862	10	10	144	64.286	59.751
007862	10	8	80	35.714	33.195
007862	10	80	0	0.0	0.0
007862	10	81	17	0.0	7.054
007862	10	82	0	0.0	0.0
007916	10	10	152	53.147	50.667
007916	10	8	90	31.469	30.0
007916	10	80	0	0.0	0.0
007916	10	81	14	0.0	4.667
007916	10	82	44	0.0	14.667
008067	10	10	123	51.464	51.464
008067	10	8	116	48.536	48.536
008067	10	80	0	0.0	0.0
008067	10	81	0	0.0	0.0
008067	10	82	0	0.0	0.0
008080	10	10	132	58.15	55.462
008080	10	8	94	41.41	39.496
008080	10	80	1	0.0	0.42
008080	10	81	10	0.0	4.202
008080	10	82	1	0.0	0.42
008857	10	10	149	68.037	64.502
008857	10	8	69	31.507	29.87
008857	10	80	0	0.0	0.0
008857	10	81	12	0.0	5.195
008857	10	82	1	0.0	0.433
008884	10	10	128	60.377	57.143
008884	10	8	83	39.151	37.054
008884	10	80	0	0.0	0.0
008884	10	81	12	0.0	5.357
008884	10	82	1	0.0	0.446
008916	10	10	141	61.572	59.494
008916	10	8	79	34.498	33.333
008916	10	80	0	0.0	0.0
008916	10	81	8	0.0	3.376
008916	10	82	9	0.0	3.797
008917	10	10	149	67.421	63.948
008917	10	8	71	32.127	30.472
008917	10	80	0	0.0	0.0
008917	10	81	12	0.0	5.15
008917	10	82	1	0.0	0.429
008967	10	10	83	43.915	38.967
008967	10	8	103	54.497	48.357
008967	10	80	0	0.0	0.0
008967	10	81	24	0.0	11.268
008967	10	82	3	0.0	1.408
009187	10	10	85	62.5	58.219
009187	10	8	51	37.5	34.932
009187	10	80	2	0.0	1.37
009187	10	81	8	0.0	5.479
009187	10	82	0	0.0	0.0
009319	10	10	185	80.435	77.083
009319	10	8	45	19.565	18.75
009319	10	80	1	0.0	0.417
009319	10	81	9	0.0	3.75
009319	10	82	0	0.0	0.0
009338	10	10	186	79.487	76.86
009338	10	8	48	20.513	19.835
009338	10	80	0	0.0	0.0
009338	10	81	8	0.0	3.306
009338	10	82	0	0.0	0.0
009344	10	10	155	77.889	73.81
009344	10	8	44	22.111	20.952
009344	10	80	0	0.0	0.0
009344	10	81	11	0.0	5.238
009344	10	82	0	0.0	0.0
009349	10	10	143	69.417	65.899
009349	10	8	62	30.097	28.571
009349	10	80	0	0.0	0.0
009349	10	81	11	0.0	5.069
009349	10	82	1	0.0	0.461
009356	10	10	140	68.627	62.78
009356	10	8	63	30.882	28.251
009356	10	80	2	0.0	0.897
009356	10	81	17	0.0	7.623
009356	10	82	1	0.0	0.448
009365	10	10	109	56.771	54.229
009365	10	8	83	43.229	41.294
009365	10	80	2	0.0	0.995
009365	10	81	7	0.0	3.483
009365	10	82	0	0.0	0.0
009373	10	10	195	86.667	83.691
009373	10	8	30	13.333	12.876
009373	10	80	1	0.0	0.429
009373	10	81	7	0.0	3.004
009373	10	82	0	0.0	0.0
009498	10	10	148	75.897	69.811
009498	10	8	47	24.103	22.17
009498	10	80	2	0.0	0.943
009498	10	81	15	0.0	7.075
009498	10	82	0	0.0	0.0
009501	10	10	138	70.051	66.346
009501	10	8	59	29.949	28.365
009501	10	80	2	0.0	0.962
009501	10	81	9	0.0	4.327
009501	10	82	0	0.0	0.0
009565	10	10	143	69.082	64.414
009565	10	8	62	29.952	27.928
009565	10	80	1	0.0	0.45
009565	10	81	14	0.0	6.306
009565	10	82	2	0.0	0.901
009596	10	10	116	70.303	67.442
009596	10	8	49	29.697	28.488
009596	10	80	1	0.0	0.581
009596	10	81	6	0.0	3.488
009596	10	82	0	0.0	0.0
009653	10	10	152	74.146	69.725
009653	10	8	53	25.854	24.312
009653	10	80	2	0.0	0.917
009653	10	81	11	0.0	5.046
009653	10	82	0	0.0	0.0
009680	10	10	159	76.077	75.0
009680	10	8	50	23.923	23.585
009680	10	80	3	0.0	1.415
009680	10	81	0	0.0	0.0
009680	10	82	0	0.0	0.0
009827	10	10	171	75.33	71.25
009827	10	8	53	23.348	22.083
009827	10	80	1	0.0	0.417
009827	10	81	12	0.0	5.0
009827	10	82	3	0.0	1.25
009874	10	10	168	74.336	69.421
009874	10	8	57	25.221	23.554
009874	10	80	2	0.0	0.826
009874	10	81	14	0.0	5.785
009874	10	82	1	0.0	0.413
009883	10	10	0	0.0	0.0
009883	10	8	51	100.0	85.0
009883	10	80	0	0.0	0.0
009883	10	81	9	0.0	15.0
009883	10	82	0	0.0	0.0
009890	10	10	171	81.818	77.727
009890	10	8	37	17.703	16.818
009890	10	80	1	0.0	0.455
009890	10	81	10	0.0	4.545
009890	10	82	1	0.0	0.455
009922	10	10	161	78.922	73.853
009922	10	8	43	21.078	19.725
009922	10	80	1	0.0	0.459
009922	10	81	13	0.0	5.963
009922	10	82	0	0.0	0.0
009939	10	10	109	76.761	71.711
009939	10	8	32	22.535	21.053
009939	10	80	0	0.0	0.0
009939	10	81	10	0.0	6.579
009939	10	82	1	0.0	0.658
010042	10	10	113	86.923	79.577
010042	10	8	17	13.077	11.972
010042	10	80	0	0.0	0.0
010042	10	81	12	0.0	8.451
010042	10	82	0	0.0	0.0
010058	10	10	173	73.305	70.04
010058	10	8	63	26.695	25.506
010058	10	80	2	0.0	0.81
010058	10	81	9	0.0	3.644
010058	10	82	0	0.0	0.0
010420	10	10	0	0.0	0.0
010420	10	8	23	100.0	69.697
010420	10	80	0	0.0	0.0
010420	10	81	10	0.0	30.303
010420	10	82	0	0.0	0.0
010442	10	10	169	88.482	87.113
010442	10	8	22	11.518	11.34
010442	10	80	1	0.0	0.515
010442	10	81	2	0.0	1.031
010442	10	82	0	0.0	0.0
010543	10	10	130	66.667	63.725
010543	10	8	65	33.333	31.863
010543	10	80	1	0.0	0.49
010543	10	81	8	0.0	3.922
010543	10	82	0	0.0	0.0
011030	10	10	107	83.594	76.429
011030	10	8	21	16.406	15.0
011030	10	80	2	0.0	1.429
011030	10	81	10	0.0	7.143
011030	10	82	0	0.0	0.0
011139	10	10	102	48.571	34.0
011139	10	8	108	51.429	36.0
011139	10	80	64	0.0	21.333
011139	10	81	26	0.0	8.667
011139	10	82	0	0.0	0.0
011203	10	10	126	52.941	52.5
011203	10	8	94	39.496	39.167
011203	10	80	2	0.0	0.833
011203	10	81	0	0.0	0.0
011203	10	82	18	0.0	7.5
011507	10	10	131	54.812	50.0
011507	10	8	107	44.77	40.84
011507	10	80	0	0.0	0.0
011507	10	81	23	0.0	8.779
011507	10	82	1	0.0	0.382
011704	10	10	107	32.722	31.657
011704	10	8	51	15.596	15.089
011704	10	80	0	0.0	0.0
011704	10	81	11	0.0	3.254
011704	10	82	169	0.0	50.0
011730	10	10	92	67.647	61.745
011730	10	8	44	32.353	29.53
011730	10	80	4	0.0	2.685
011730	10	81	9	0.0	6.04
011730	10	82	0	0.0	0.0
011807	10	10	109	56.477	50.935
011807	10	8	84	43.523	39.252
011807	10	80	2	0.0	0.935
011807	10	81	19	0.0	8.879
011807	10	82	0	0.0	0.0
011809	10	10	96	55.172	45.714
011809	10	8	78	44.828	37.143
011809	10	80	21	0.0	10.0
011809	10	81	15	0.0	7.143
011809	10	82	0	0.0	0.0
011878	10	10	109	49.321	44.672
011878	10	8	112	50.679	45.902
011878	10	80	3	0.0	1.23
011878	10	81	20	0.0	8.197
011878	10	82	0	0.0	0.0
011886	10	10	121	56.542	51.489
011886	10	8	93	43.458	39.574
011886	10	80	4	0.0	1.702
011886	10	81	17	0.0	7.234
011886	10	82	0	0.0	0.0
011889	10	10	127	55.217	50.8
011889	10	8	102	44.348	40.8
011889	10	80	4	0.0	1.6
011889	10	81	16	0.0	6.4
011889	10	82	1	0.0	0.4
011992	10	10	140	77.778	68.966
011992	10	8	40	22.222	19.704
011992	10	80	0	0.0	0.0
011992	10	81	23	0.0	11.33
011992	10	82	0	0.0	0.0
012169	10	10	59	55.66	53.636
012169	10	8	47	44.34	42.727
012169	10	80	4	0.0	3.636
012169	10	81	0	0.0	0.0
012169	10	82	0	0.0	0.0
012175	10	10	64	72.727	71.111
012175	10	8	24	27.273	26.667
012175	10	80	0	0.0	0.0
012175	10	81	2	0.0	2.222
012175	10	82	0	0.0	0.0
012383	10	10	108	72.973	69.231
012383	10	8	40	27.027	25.641
012383	10	80	0	0.0	0.0
012383	10	81	8	0.0	5.128
012383	10	82	0	0.0	0.0
012389	10	10	108	78.261	38.298
012389	10	8	30	21.739	10.638
012389	10	80	139	0.0	49.291
012389	10	81	5	0.0	1.773
012389	10	82	0	0.0	0.0
012394	10	10	96	76.8	74.419
012394	10	8	29	23.2	22.481
012394	10	80	2	0.0	1.55
012394	10	81	2	0.0	1.55
012394	10	82	0	0.0	0.0
012417	10	10	94	76.423	70.677
012417	10	8	29	23.577	21.805
012417	10	80	2	0.0	1.504
012417	10	81	8	0.0	6.015
012417	10	82	0	0.0	0.0
013032	10	10	152	83.978	79.167
013032	10	8	29	16.022	15.104
013032	10	80	2	0.0	1.042
013032	10	81	9	0.0	4.688
013032	10	82	0	0.0	0.0
013036	10	10	73	87.952	81.111
013036	10	8	10	12.048	11.111
013036	10	80	1	0.0	1.111
013036	10	81	6	0.0	6.667
013036	10	82	0	0.0	0.0
013702	10	10	140	64.815	38.043
013702	10	8	76	35.185	20.652
013702	10	80	140	0.0	38.043
013702	10	81	12	0.0	3.261
013702	10	82	0	0.0	0.0
013719	10	10	154	70.0	65.812
013719	10	8	66	30.0	28.205
013719	10	80	2	0.0	0.855
013719	10	81	12	0.0	5.128
013719	10	82	0	0.0	0.0
013936	10	10	123	79.355	77.848
013936	10	8	32	20.645	20.253
013936	10	80	1	0.0	0.633
013936	10	81	2	0.0	1.266
013936	10	82	0	0.0	0.0
014086	10	10	83	64.844	61.94
014086	10	8	45	35.156	33.582
014086	10	80	0	0.0	0.0
014086	10	81	6	0.0	4.478
014086	10	82	0	0.0	0.0
014453	10	10	141	77.473	73.057
014453	10	8	41	22.527	21.244
014453	10	80	4	0.0	2.073
014453	10	81	7	0.0	3.627
014453	10	82	0	0.0	0.0
014834	10	10	118	57.843	54.63
014834	10	8	85	41.667	39.352
014834	10	80	0	0.0	0.0
014834	10	81	12	0.0	5.556
014834	10	82	1	0.0	0.463
015061	10	10	197	89.954	85.652
015061	10	8	22	10.046	9.565
015061	10	80	4	0.0	1.739
015061	10	81	7	0.0	3.043
015061	10	82	0	0.0	0.0
015117	10	10	167	58.392	55.667
015117	10	8	55	19.231	18.333
015117	10	80	2	0.0	0.667
015117	10	81	12	0.0	4.0
015117	10	82	64	0.0	21.333
015123	10	10	197	80.408	77.255
015123	10	8	47	19.184	18.431
015123	10	80	3	0.0	1.176
015123	10	81	7	0.0	2.745
015123	10	82	1	0.0	0.392
015179	10	10	148	66.667	62.185
015179	10	8	72	32.432	30.252
015179	10	80	0	0.0	0.0
015179	10	81	16	0.0	6.723
015179	10	82	2	0.0	0.84
015210	10	10	198	79.2	77.647
015210	10	8	50	20.0	19.608
015210	10	80	0	0.0	0.0
015210	10	81	5	0.0	1.961
015210	10	82	2	0.0	0.784
015227	10	10	131	62.085	56.957
015227	10	8	80	37.915	34.783
015227	10	80	0	0.0	0.0
015227	10	81	19	0.0	8.261
015227	10	82	0	0.0	0.0
015371	10	10	154	69.369	66.379
015371	10	8	68	30.631	29.31
015371	10	80	0	0.0	0.0
015371	10	81	10	0.0	4.31
015371	10	82	0	0.0	0.0
015514	10	10	142	64.84	57.724
015514	10	8	76	34.703	30.894
015514	10	80	1	0.0	0.407
015514	10	81	26	0.0	10.569
015514	10	82	1	0.0	0.407
015556	10	10	144	71.642	66.359
015556	10	8	54	26.866	24.885
015556	10	80	0	0.0	0.0
015556	10	81	16	0.0	7.373
015556	10	82	3	0.0	1.382
015571	10	10	163	70.259	65.726
015571	10	8	66	28.448	26.613
015571	10	80	0	0.0	0.0
015571	10	81	16	0.0	6.452
015571	10	82	3	0.0	1.21
015572	10	10	155	67.982	64.583
015572	10	8	72	31.579	30.0
015572	10	80	0	0.0	0.0
015572	10	81	12	0.0	5.0
015572	10	82	1	0.0	0.417
015589	10	10	153	72.857	68.304
015589	10	8	57	27.143	25.446
015589	10	80	0	0.0	0.0
015589	10	81	14	0.0	6.25
015589	10	82	0	0.0	0.0
015638	10	10	143	68.095	64.414
015638	10	8	64	30.476	28.829
015638	10	80	2	0.0	0.901
015638	10	81	10	0.0	4.505
015638	10	82	3	0.0	1.351
015640	10	10	157	75.12	69.163
015640	10	8	52	24.88	22.907
015640	10	80	1	0.0	0.441
015640	10	81	17	0.0	7.489
015640	10	82	0	0.0	0.0
015704	10	10	146	65.471	60.833
015704	10	8	77	34.529	32.083
015704	10	80	0	0.0	0.0
015704	10	81	17	0.0	7.083
015704	10	82	0	0.0	0.0
015711	10	10	147	68.056	60.996
015711	10	8	69	31.944	28.631
015711	10	80	5	0.0	2.075
015711	10	81	20	0.0	8.299
015711	10	82	0	0.0	0.0
015781	10	10	90	45.226	40.359
015781	10	8	109	54.774	48.879
015781	10	80	0	0.0	0.0
015781	10	81	24	0.0	10.762
015781	10	82	0	0.0	0.0
015953	10	10	114	49.782	46.341
015953	10	8	115	50.218	46.748
015953	10	80	2	0.0	0.813
015953	10	81	15	0.0	6.098
015953	10	82	0	0.0	0.0
015965	10	10	104	53.333	34.783
015965	10	8	91	46.667	30.435
015965	10	80	63	0.0	21.07
015965	10	81	41	0.0	13.712
015965	10	82	0	0.0	0.0
015975	10	10	116	52.727	50.435
015975	10	8	103	46.818	44.783
015975	10	80	0	0.0	0.0
015975	10	81	10	0.0	4.348
015975	10	82	1	0.0	0.435
016068	10	10	181	79.386	60.333
016068	10	8	47	20.614	15.667
016068	10	80	60	0.0	20.0
016068	10	81	12	0.0	4.0
016068	10	82	0	0.0	0.0
016140	10	10	150	60.0	55.762
016140	10	8	19	7.6	7.063
016140	10	80	2	0.0	0.743
016140	10	81	17	0.0	6.32
016140	10	82	81	0.0	30.112
016209	10	10	160	83.333	76.923
016209	10	8	32	16.667	15.385
016209	10	80	2	0.0	0.962
016209	10	81	14	0.0	6.731
016209	10	82	0	0.0	0.0
016343	10	10	154	90.588	82.796
016343	10	8	16	9.412	8.602
016343	10	80	4	0.0	2.151
016343	10	81	12	0.0	6.452
016343	10	82	0	0.0	0.0
016620	10	10	181	90.955	90.5
016620	10	8	18	9.045	9.0
016620	10	80	1	0.0	0.5
016620	10	81	0	0.0	0.0
016620	10	82	0	0.0	0.0
016648	10	10	148	81.768	75.127
016648	10	8	32	17.68	16.244
016648	10	80	2	0.0	1.015
016648	10	81	14	0.0	7.107
016648	10	82	1	0.0	0.508
017030	10	10	166	85.567	55.333
017030	10	8	28	14.433	9.333
017030	10	80	95	0.0	31.667
017030	10	81	11	0.0	3.667
017030	10	82	0	0.0	0.0
017109	10	10	154	86.517	82.796
017109	10	8	24	13.483	12.903
017109	10	80	0	0.0	0.0
017109	10	81	8	0.0	4.301
017109	10	82	0	0.0	0.0
017235	10	10	143	67.773	65.596
017235	10	8	67	31.754	30.734
017235	10	80	0	0.0	0.0
017235	10	81	7	0.0	3.211
017235	10	82	1	0.0	0.459
017237	10	10	158	73.148	73.148
017237	10	8	44	20.37	20.37
017237	10	80	0	0.0	0.0
017237	10	81	0	0.0	0.0
017237	10	82	14	0.0	6.481
017276	10	10	127	76.048	71.348
017276	10	8	39	23.353	21.91
017276	10	80	5	0.0	2.809
017276	10	81	6	0.0	3.371
017276	10	82	1	0.0	0.562
017399	10	10	156	76.098	72.897
017399	10	8	48	23.415	22.43
017399	10	80	0	0.0	0.0
017399	10	81	9	0.0	4.206
017399	10	82	1	0.0	0.467
017408	10	10	153	82.258	79.275
017408	10	8	33	17.742	17.098
017408	10	80	1	0.0	0.518
017408	10	81	6	0.0	3.109
017408	10	82	0	0.0	0.0
017421	10	10	144	82.286	78.261
017421	10	8	31	17.714	16.848
017421	10	80	1	0.0	0.543
017421	10	81	8	0.0	4.348
017421	10	82	0	0.0	0.0
017423	10	10	131	75.287	71.196
017423	10	8	43	24.713	23.37
017423	10	80	1	0.0	0.543
017423	10	81	9	0.0	4.891
017423	10	82	0	0.0	0.0
017498	10	10	97	81.513	78.226
017498	10	8	21	17.647	16.935
017498	10	80	1	0.0	0.806
017498	10	81	4	0.0	3.226
017498	10	82	1	0.0	0.806
017564	10	10	140	76.503	74.074
017564	10	8	42	22.951	22.222
017564	10	80	0	0.0	0.0
017564	10	81	6	0.0	3.175
017564	10	82	1	0.0	0.529
017604	10	10	160	81.633	78.818
017604	10	8	36	18.367	17.734
017604	10	80	2	0.0	0.985
017604	10	81	5	0.0	2.463
017604	10	82	0	0.0	0.0
017627	10	10	148	87.574	86.047
017627	10	8	19	11.243	11.047
017627	10	80	2	0.0	1.163
017627	10	81	1	0.0	0.581
017627	10	82	2	0.0	1.163
017630	10	10	147	88.024	84.971
017630	10	8	19	11.377	10.983
017630	10	80	0	0.0	0.0
017630	10	81	6	0.0	3.468
017630	10	82	1	0.0	0.578
017635	10	10	150	85.227	50.0
017635	10	8	26	14.773	8.667
017635	10	80	120	0.0	40.0
017635	10	81	4	0.0	1.333
017635	10	82	0	0.0	0.0
017696	10	10	54	85.714	65.854
017696	10	8	9	14.286	10.976
017696	10	80	3	0.0	3.659
017696	10	81	16	0.0	19.512
017696	10	82	0	0.0	0.0
017714	10	10	33	68.75	63.462
017714	10	8	15	31.25	28.846
017714	10	80	2	0.0	3.846
017714	10	81	2	0.0	3.846
017714	10	82	0	0.0	0.0
017723	10	10	118	88.06	78.146
017723	10	8	16	11.94	10.596
017723	10	80	1	0.0	0.662
017723	10	81	16	0.0	10.596
017723	10	82	0	0.0	0.0
017912	10	10	180	90.909	86.538
017912	10	8	18	9.091	8.654
017912	10	80	0	0.0	0.0
017912	10	81	10	0.0	4.808
017912	10	82	0	0.0	0.0
018101	10	10	228	92.308	89.764
018101	10	8	19	7.692	7.48
018101	10	80	1	0.0	0.394
018101	10	81	6	0.0	2.362
018101	10	82	0	0.0	0.0
018183	10	10	153	90.533	83.607
018183	10	8	16	9.467	8.743
018183	10	80	0	0.0	0.0
018183	10	81	14	0.0	7.65
018183	10	82	0	0.0	0.0
018384	10	10	138	77.528	74.194
018384	10	8	39	21.91	20.968
018384	10	80	1	0.0	0.538
018384	10	81	7	0.0	3.763
018384	10	82	1	0.0	0.538
018393	10	10	199	88.839	85.408
018393	10	8	25	11.161	10.73
018393	10	80	2	0.0	0.858
018393	10	81	7	0.0	3.004
018393	10	82	0	0.0	0.0
018485	10	10	170	81.34	78.341
018485	10	8	31	14.833	14.286
018485	10	80	1	0.0	0.461
018485	10	81	7	0.0	3.226
018485	10	82	8	0.0	3.687
018508	10	10	193	81.78	78.455
018508	10	8	43	18.22	17.48
018508	10	80	1	0.0	0.407
018508	10	81	9	0.0	3.659
018508	10	82	0	0.0	0.0
018571	10	10	84	95.455	67.742
018571	10	8	4	4.545	3.226
018571	10	80	0	0.0	0.0
018571	10	81	36	0.0	29.032
018571	10	82	0	0.0	0.0
018929	10	10	130	94.203	94.203
018929	10	8	7	5.072	5.072
018929	10	80	0	0.0	0.0
018929	10	81	0	0.0	0.0
018929	10	82	1	0.0	0.725
018953	10	10	149	90.303	83.24
018953	10	8	16	9.697	8.939
018953	10	80	0	0.0	0.0
018953	10	81	14	0.0	7.821
018953	10	82	0	0.0	0.0
018970	10	10	122	79.221	74.847
018970	10	8	31	20.13	19.018
018970	10	80	1	0.0	0.613
018970	10	81	8	0.0	4.908
018970	10	82	1	0.0	0.613
019205	10	10	161	86.559	80.5
019205	10	8	25	13.441	12.5
019205	10	80	9	0.0	4.5
019205	10	81	5	0.0	2.5
019205	10	82	0	0.0	0.0
019242	10	10	86	66.154	65.152
019242	10	8	40	30.769	30.303
019242	10	80	2	0.0	1.515
019242	10	81	0	0.0	0.0
019242	10	82	4	0.0	3.03
019354	10	10	85	61.151	58.621
019354	10	8	54	38.849	37.241
019354	10	80	2	0.0	1.379
019354	10	81	4	0.0	2.759
019354	10	82	0	0.0	0.0
019470	10	10	96	76.19	64.43
019470	10	8	25	19.841	16.779
019470	10	80	2	0.0	1.342
019470	10	81	21	0.0	14.094
019470	10	82	5	0.0	3.356
019606	10	10	102	45.946	34.0
019606	10	8	120	54.054	40.0
019606	10	80	67	0.0	22.333
019606	10	81	11	0.0	3.667
019606	10	82	0	0.0	0.0
019660	10	10	93	47.938	42.661
019660	10	8	101	52.062	46.33
019660	10	80	0	0.0	0.0
019660	10	81	24	0.0	11.009
019660	10	82	0	0.0	0.0
019809	10	10	134	91.781	85.35
019809	10	8	12	8.219	7.643
019809	10	80	0	0.0	0.0
019809	10	81	11	0.0	7.006
019809	10	82	0	0.0	0.0
019852	10	10	150	71.09	67.568
019852	10	8	61	28.91	27.477
019852	10	80	4	0.0	1.802
019852	10	81	7	0.0	3.153
019852	10	82	0	0.0	0.0
019940	10	10	132	58.15	44.147
019940	10	8	95	41.85	31.773
019940	10	80	63	0.0	21.07
019940	10	81	9	0.0	3.01
019940	10	82	0	0.0	0.0
019982	10	10	112	54.106	51.613
019982	10	8	93	44.928	42.857
019982	10	80	0	0.0	0.0
019982	10	81	10	0.0	4.608
019982	10	82	2	0.0	0.922
020937	10	10	110	100.0	94.017
020937	10	8	0	0.0	0.0
020937	10	80	7	0.0	5.983
020937	10	81	0	0.0	0.0
020937	10	82	0	0.0	0.0
020938	10	10	101	55.495	33.667
020938	10	8	81	44.505	27.0
020938	10	80	112	0.0	37.333
020938	10	81	6	0.0	2.0
020938	10	82	0	0.0	0.0
021047	10	10	110	72.368	59.14
021047	10	8	42	27.632	22.581
021047	10	80	2	0.0	1.075
021047	10	81	32	0.0	17.204
021047	10	82	0	0.0	0.0
021099	10	10	134	73.626	70.157
021099	10	8	48	26.374	25.131
021099	10	80	0	0.0	0.0
021099	10	81	9	0.0	4.712
021099	10	82	0	0.0	0.0
021100	10	10	124	100.0	91.852
021100	10	8	0	0.0	0.0
021100	10	80	1	0.0	0.741
021100	10	81	10	0.0	7.407
021100	10	82	0	0.0	0.0
021136	10	10	109	82.576	73.154
021136	10	8	23	17.424	15.436
021136	10	80	4	0.0	2.685
021136	10	81	13	0.0	8.725
021136	10	82	0	0.0	0.0
021240	10	10	76	49.673	45.783
021240	10	8	77	50.327	46.386
021240	10	80	1	0.0	0.602
021240	10	81	12	0.0	7.229
021240	10	82	0	0.0	0.0
021243	10	10	68	44.737	42.767
021243	10	8	84	55.263	52.83
021243	10	80	1	0.0	0.629
021243	10	81	6	0.0	3.774
021243	10	82	0	0.0	0.0
021261	10	10	77	55.396	50.993
021261	10	8	61	43.885	40.397
021261	10	80	0	0.0	0.0
021261	10	81	12	0.0	7.947
021261	10	82	1	0.0	0.662
021415	10	10	111	42.205	39.362
021415	10	8	11	4.183	3.901
021415	10	80	2	0.0	0.709
021415	10	81	17	0.0	6.028
021415	10	82	141	0.0	50.0
021465	10	10	127	84.106	82.468
021465	10	8	23	15.232	14.935
021465	10	80	2	0.0	1.299
021465	10	81	1	0.0	0.649
021465	10	82	1	0.0	0.649
021639	10	10	102	47.442	45.536
021639	10	8	113	52.558	50.446
021639	10	80	0	0.0	0.0
021639	10	81	9	0.0	4.018
021639	10	82	0	0.0	0.0
021724	10	10	90	41.667	39.301
021724	10	8	125	57.87	54.585
021724	10	80	3	0.0	1.31
021724	10	81	10	0.0	4.367
021724	10	82	1	0.0	0.437
021842	10	10	87	41.429	39.908
021842	10	8	123	58.571	56.422
021842	10	80	0	0.0	0.0
021842	10	81	8	0.0	3.67
021842	10	82	0	0.0	0.0
021935	10	10	106	43.443	41.897
021935	10	8	137	56.148	54.15
021935	10	80	1	0.0	0.395
021935	10	81	8	0.0	3.162
021935	10	82	1	0.0	0.395
022612	10	10	119	47.036	45.42
022612	10	8	134	52.964	51.145
022612	10	80	1	0.0	0.382
022612	10	81	8	0.0	3.053
022612	10	82	0	0.0	0.0
022677	10	10	91	40.088	37.449
022677	10	8	135	59.471	55.556
022677	10	80	0	0.0	0.0
022677	10	81	16	0.0	6.584
022677	10	82	1	0.0	0.412
022804	10	10	104	40.945	38.806
022804	10	8	150	59.055	55.97
022804	10	80	1	0.0	0.373
022804	10	81	13	0.0	4.851
022804	10	82	0	0.0	0.0
022891	10	10	131	53.252	51.575
022891	10	8	114	46.341	44.882
022891	10	80	3	0.0	1.181
022891	10	81	5	0.0	1.969
022891	10	82	1	0.0	0.394
022904	10	10	107	24.711	24.099
022904	10	8	104	24.018	23.423
022904	10	80	3	0.0	0.676
022904	10	81	8	0.0	1.802
022904	10	82	222	0.0	50.0
022929	10	10	117	50.431	46.429
022929	10	8	115	49.569	45.635
022929	10	80	6	0.0	2.381
022929	10	81	14	0.0	5.556
022929	10	82	0	0.0	0.0
023021	10	10	82	32.54	30.943
023021	10	8	165	65.476	62.264
023021	10	80	3	0.0	1.132
023021	10	81	10	0.0	3.774
023021	10	82	5	0.0	1.887
023102	10	10	99	39.13	36.803
023102	10	8	153	60.474	56.877
023102	10	80	3	0.0	1.115
023102	10	81	13	0.0	4.833
023102	10	82	1	0.0	0.372
023149	10	10	108	45.188	36.0
023149	10	8	131	54.812	43.667
023149	10	80	54	0.0	18.0
023149	10	81	7	0.0	2.333
023149	10	82	0	0.0	0.0
023196	10	10	112	46.473	44.622
023196	10	8	128	53.112	50.996
023196	10	80	0	0.0	0.0
023196	10	81	10	0.0	3.984
023196	10	82	1	0.0	0.398
023256	10	10	102	45.74	41.129
023256	10	8	121	54.26	48.79
023256	10	80	1	0.0	0.403
023256	10	81	24	0.0	9.677
023256	10	82	0	0.0	0.0
023316	10	10	120	55.3	52.402
023316	10	8	97	44.7	42.358
023316	10	80	2	0.0	0.873
023316	10	81	10	0.0	4.367
023316	10	82	0	0.0	0.0
023359	10	10	93	46.269	44.286
023359	10	8	107	53.234	50.952
023359	10	80	2	0.0	0.952
023359	10	81	7	0.0	3.333
023359	10	82	1	0.0	0.476
023588	10	10	104	45.614	43.154
023588	10	8	124	54.386	51.452
023588	10	80	0	0.0	0.0
023588	10	81	13	0.0	5.394
023588	10	82	0	0.0	0.0
023620	10	10	84	37.838	36.364
023620	10	8	138	62.162	59.74
023620	10	80	1	0.0	0.433
023620	10	81	8	0.0	3.463
023620	10	82	0	0.0	0.0
023627	10	10	107	37.809	35.667
023627	10	8	128	45.23	42.667
023627	10	80	2	0.0	0.667
023627	10	81	15	0.0	5.0
023627	10	82	48	0.0	16.0
023817	10	10	70	42.683	39.773
023817	10	8	94	57.317	53.409
023817	10	80	1	0.0	0.568
023817	10	81	11	0.0	6.25
023817	10	82	0	0.0	0.0
023885	10	10	123	55.157	50.617
023885	10	8	100	44.843	41.152
023885	10	80	1	0.0	0.412
023885	10	81	19	0.0	7.819
023885	10	82	0	0.0	0.0
024233	10	10	110	58.511	55.838
024233	10	8	77	40.957	39.086
024233	10	80	1	0.0	0.508
024233	10	81	8	0.0	4.061
024233	10	82	1	0.0	0.508
024238	10	10	123	51.037	47.49
024238	10	8	118	48.963	45.56
024238	10	80	2	0.0	0.772
024238	10	81	16	0.0	6.178
024238	10	82	0	0.0	0.0
024242	10	10	100	43.103	40.984
024242	10	8	132	56.897	54.098
024242	10	80	2	0.0	0.82
024242	10	81	10	0.0	4.098
024242	10	82	0	0.0	0.0
024288	10	10	105	47.945	45.064
024288	10	8	114	52.055	48.927
024288	10	80	3	0.0	1.288
024288	10	81	11	0.0	4.721
024288	10	82	0	0.0	0.0
024380	10	10	107	52.195	49.537
024380	10	8	97	47.317	44.907
024380	10	80	1	0.0	0.463
024380	10	81	10	0.0	4.63
024380	10	82	1	0.0	0.463
024620	10	10	127	67.553	46.52
024620	10	8	61	32.447	22.344
024620	10	80	76	0.0	27.839
024620	10	81	9	0.0	3.297
024620	10	82	0	0.0	0.0
024770	10	10	107	47.345	44.583
024770	10	8	117	51.77	48.75
024770	10	80	1	0.0	0.417
024770	10	81	13	0.0	5.417
024770	10	82	2	0.0	0.833
025002	10	10	98	48.039	46.226
025002	10	8	104	50.98	49.057
025002	10	80	1	0.0	0.472
025002	10	81	7	0.0	3.302
025002	10	82	2	0.0	0.943
025285	10	10	126	57.014	54.31
025285	10	8	95	42.986	40.948
025285	10	80	1	0.0	0.431
025285	10	81	10	0.0	4.31
025285	10	82	0	0.0	0.0
025286	10	10	122	52.814	52.814
025286	10	8	93	40.26	40.26
025286	10	80	0	0.0	0.0
025286	10	81	0	0.0	0.0
025286	10	82	16	0.0	6.926
025637	10	10	107	66.049	62.573
025637	10	8	54	33.333	31.579
025637	10	80	1	0.0	0.585
025637	10	81	8	0.0	4.678
025637	10	82	1	0.0	0.585
025733	10	10	129	100.0	90.845
025733	10	8	0	0.0	0.0
025733	10	80	0	0.0	0.0
025733	10	81	13	0.0	9.155
025733	10	82	0	0.0	0.0
025948	10	10	129	57.08	53.75
025948	10	8	94	41.593	39.167
025948	10	80	2	0.0	0.833
025948	10	81	12	0.0	5.0
025948	10	82	3	0.0	1.25
026046	10	10	102	49.038	45.133
026046	10	8	105	50.481	46.46
026046	10	80	1	0.0	0.442
026046	10	81	17	0.0	7.522
026046	10	82	1	0.0	0.442
026071	10	10	81	49.693	46.552
026071	10	8	82	50.307	47.126
026071	10	80	1	0.0	0.575
026071	10	81	10	0.0	5.747
026071	10	82	0	0.0	0.0
026128	10	10	70	44.304	41.916
026128	10	8	87	55.063	52.096
026128	10	80	1	0.0	0.599
026128	10	81	8	0.0	4.79
026128	10	82	1	0.0	0.599
026156	10	10	89	45.178	40.09
026156	10	8	108	54.822	48.649
026156	10	80	3	0.0	1.351
026156	10	81	22	0.0	9.91
026156	10	82	0	0.0	0.0
026371	10	10	124	65.263	60.194
026371	10	8	66	34.737	32.039
026371	10	80	1	0.0	0.485
026371	10	81	15	0.0	7.282
026371	10	82	0	0.0	0.0
026444	10	10	100	51.546	49.261
026444	10	8	93	47.938	45.813
026444	10	80	1	0.0	0.493
026444	10	81	8	0.0	3.941
026444	10	82	1	0.0	0.493
026615	10	10	0	0.0	0.0
026615	10	8	70	100.0	83.333
026615	10	80	1	0.0	1.19
026615	10	81	13	0.0	15.476
026615	10	82	0	0.0	0.0
026626	10	10	110	57.895	54.726
026626	10	8	80	42.105	39.801
026626	10	80	3	0.0	1.493
026626	10	81	8	0.0	3.98
026626	10	82	0	0.0	0.0
026755	10	10	107	57.838	54.315
026755	10	8	78	42.162	39.594
026755	10	80	3	0.0	1.523
026755	10	81	9	0.0	4.569
026755	10	82	0	0.0	0.0
026817	10	10	51	57.955	48.571
026817	10	8	37	42.045	35.238
026817	10	80	2	0.0	1.905
026817	10	81	15	0.0	14.286
026817	10	82	0	0.0	0.0
026830	10	10	39	65.0	60.938
026830	10	8	21	35.0	32.813
026830	10	80	1	0.0	1.563
026830	10	81	3	0.0	4.688
026830	10	82	0	0.0	0.0
026848	10	10	130	91.549	89.041
026848	10	8	11	7.746	7.534
026848	10	80	0	0.0	0.0
026848	10	81	4	0.0	2.74
026848	10	82	1	0.0	0.685
026957	10	10	96	53.933	50.526
026957	10	8	81	45.506	42.632
026957	10	80	1	0.0	0.526
026957	10	81	11	0.0	5.789
026957	10	82	1	0.0	0.526
027002	10	10	97	47.087	45.327
027002	10	8	108	52.427	50.467
027002	10	80	0	0.0	0.0
027002	10	81	8	0.0	3.738
027002	10	82	1	0.0	0.467
027111	10	10	93	56.707	31.0
027111	10	8	71	43.293	23.667
027111	10	80	126	0.0	42.0
027111	10	81	10	0.0	3.333
027111	10	82	0	0.0	0.0
027128	10	10	112	56.853	54.634
027128	10	8	85	43.147	41.463
027128	10	80	1	0.0	0.488
027128	10	81	7	0.0	3.415
027128	10	82	0	0.0	0.0
027209	10	10	96	60.377	52.747
027209	10	8	62	38.994	34.066
027209	10	80	1	0.0	0.549
027209	10	81	22	0.0	12.088
027209	10	82	1	0.0	0.549
027232	10	10	95	51.63	31.773
027232	10	8	89	48.37	29.766
027232	10	80	107	0.0	35.786
027232	10	81	8	0.0	2.676
027232	10	82	0	0.0	0.0
027523	10	10	85	44.271	40.67
027523	10	8	107	55.729	51.196
027523	10	80	0	0.0	0.0
027523	10	81	17	0.0	8.134
027523	10	82	0	0.0	0.0
027589	10	10	56	27.586	25.112
027589	10	8	147	72.414	65.919
027589	10	80	0	0.0	0.0
027589	10	81	20	0.0	8.969
027589	10	82	0	0.0	0.0
027660	10	10	82	37.104	35.652
027660	10	8	133	60.181	57.826
027660	10	80	0	0.0	0.0
027660	10	81	9	0.0	3.913
027660	10	82	6	0.0	2.609
027769	10	10	80	35.556	33.755
027769	10	8	145	64.444	61.181
027769	10	80	0	0.0	0.0
027769	10	81	12	0.0	5.063
027769	10	82	0	0.0	0.0
027790	10	10	67	34.359	22.408
027790	10	8	128	65.641	42.809
027790	10	80	90	0.0	30.1
027790	10	81	14	0.0	4.682
027790	10	82	0	0.0	0.0
027794	10	10	54	28.723	26.733
027794	10	8	134	71.277	66.337
027794	10	80	1	0.0	0.495
027794	10	81	13	0.0	6.436
027794	10	82	0	0.0	0.0
027817	10	10	67	31.308	29.13
027817	10	8	147	68.692	63.913
027817	10	80	1	0.0	0.435
027817	10	81	15	0.0	6.522
027817	10	82	0	0.0	0.0
027881	10	10	68	31.776	30.222
027881	10	8	146	68.224	64.889
027881	10	80	0	0.0	0.0
027881	10	81	11	0.0	4.889
027881	10	82	0	0.0	0.0
027886	10	10	63	28.767	27.039
027886	10	8	155	70.776	66.524
027886	10	80	0	0.0	0.0
027886	10	81	14	0.0	6.009
027886	10	82	1	0.0	0.429
027910	10	10	71	31.839	24.483
027910	10	8	152	68.161	52.414
027910	10	80	51	0.0	17.586
027910	10	81	16	0.0	5.517
027910	10	82	0	0.0	0.0
028061	10	10	75	34.722	25.084
028061	10	8	141	65.278	47.157
028061	10	80	73	0.0	24.415
028061	10	81	10	0.0	3.344
028061	10	82	0	0.0	0.0
028097	10	10	79	29.699	28.214
028097	10	8	186	69.925	66.429
028097	10	80	1	0.0	0.357
028097	10	81	13	0.0	4.643
028097	10	82	1	0.0	0.357
028369	10	10	74	33.333	24.749
028369	10	8	148	66.667	49.498
028369	10	80	63	0.0	21.07
028369	10	81	14	0.0	4.682
028369	10	82	0	0.0	0.0
028421	10	10	94	40.87	37.751
028421	10	8	136	59.13	54.618
028421	10	80	0	0.0	0.0
028421	10	81	19	0.0	7.631
028421	10	82	0	0.0	0.0
028499	10	10	67	34.896	32.683
028499	10	8	124	64.583	60.488
028499	10	80	0	0.0	0.0
028499	10	81	13	0.0	6.341
028499	10	82	1	0.0	0.488
028589	10	10	102	42.678	41.129
028589	10	8	137	57.322	55.242
028589	10	80	2	0.0	0.806
028589	10	81	7	0.0	2.823
028589	10	82	0	0.0	0.0
028671	10	10	96	45.714	42.857
028671	10	8	113	53.81	50.446
028671	10	80	1	0.0	0.446
028671	10	81	13	0.0	5.804
028671	10	82	1	0.0	0.446
028777	10	10	57	40.141	24.783
028777	10	8	85	59.859	36.957
028777	10	80	73	0.0	31.739
028777	10	81	15	0.0	6.522
028777	10	82	0	0.0	0.0
029073	10	10	62	31.472	31.472
029073	10	8	135	68.528	68.528
029073	10	80	0	0.0	0.0
029073	10	81	0	0.0	0.0
029073	10	82	0	0.0	0.0
029082	10	10	58	27.488	25.0
029082	10	8	153	72.512	65.948
029082	10	80	2	0.0	0.862
029082	10	81	19	0.0	8.19
029082	10	82	0	0.0	0.0
029111	10	10	58	27.619	27.619
029111	10	8	144	68.571	68.571
029111	10	80	0	0.0	0.0
029111	10	81	0	0.0	0.0
029111	10	82	8	0.0	3.81
029146	10	10	62	27.074	25.306
029146	10	8	166	72.489	67.755
029146	10	80	1	0.0	0.408
029146	10	81	15	0.0	6.122
029146	10	82	1	0.0	0.408
029267	10	10	68	32.692	31.193
029267	10	8	128	61.538	58.716
029267	10	80	0	0.0	0.0
029267	10	81	10	0.0	4.587
029267	10	82	12	0.0	5.505
030307	10	10	100	44.053	39.841
030307	10	8	127	55.947	50.598
030307	10	80	1	0.0	0.398
030307	10	81	23	0.0	9.163
030307	10	82	0	0.0	0.0
030639	10	10	80	51.948	47.337
030639	10	8	74	48.052	43.787
030639	10	80	3	0.0	1.775
030639	10	81	12	0.0	7.101
030639	10	82	0	0.0	0.0
030730	10	10	133	64.878	58.59
030730	10	8	72	35.122	31.718
030730	10	80	2	0.0	0.881
030730	10	81	20	0.0	8.811
030730	10	82	0	0.0	0.0
030829	10	10	65	44.828	43.624
030829	10	8	70	48.276	46.98
030829	10	80	4	0.0	2.685
030829	10	81	0	0.0	0.0
030829	10	82	10	0.0	6.711
030960	10	10	99	20.842	20.122
030960	10	8	130	27.368	26.423
030960	10	80	1	0.0	0.203
030960	10	81	16	0.0	3.252
030960	10	82	246	0.0	50.0
031310	10	10	102	77.273	72.857
031310	10	8	30	22.727	21.429
031310	10	80	3	0.0	2.143
031310	10	81	5	0.0	3.571
031310	10	82	0	0.0	0.0
031584	10	10	0	0.0	0.0
031584	10	8	124	100.0	86.111
031584	10	80	0	0.0	0.0
031584	10	81	20	0.0	13.889
031584	10	82	0	0.0	0.0
031756	10	10	0	0.0	0.0
031756	10	8	145	100.0	100.0
031756	10	80	0	0.0	0.0
031756	10	81	0	0.0	0.0
031756	10	82	0	0.0	0.0
031856	10	10	58	32.044	29.744
031856	10	8	111	61.326	56.923
031856	10	80	2	0.0	1.026
031856	10	81	12	0.0	6.154
031856	10	82	12	0.0	6.154
031903	10	10	91	40.807	40.807
031903	10	8	132	59.193	59.193
031903	10	80	0	0.0	0.0
031903	10	81	0	0.0	0.0
031903	10	82	0	0.0	0.0
032239	10	10	60	31.915	30.0
032239	10	8	127	67.553	63.5
032239	10	80	2	0.0	1.0
032239	10	81	10	0.0	5.0
032239	10	82	1	0.0	0.5
032263	10	10	48	35.556	32.877
032263	10	8	87	64.444	59.589
032263	10	80	2	0.0	1.37
032263	10	81	9	0.0	6.164
032263	10	82	0	0.0	0.0
032265	10	10	57	35.849	33.929
032265	10	8	102	64.151	60.714
032265	10	80	0	0.0	0.0
032265	10	81	9	0.0	5.357
032265	10	82	0	0.0	0.0
032342	10	10	108	48.214	46.753
032342	10	8	116	51.786	50.216
032342	10	80	0	0.0	0.0
032342	10	81	7	0.0	3.03
032342	10	82	0	0.0	0.0
032367	10	10	113	40.502	37.667
032367	10	8	94	33.692	31.333
032367	10	80	0	0.0	0.0
032367	10	81	21	0.0	7.0
032367	10	82	72	0.0	24.0
032739	10	10	77	37.745	35.484
032739	10	8	127	62.255	58.525
032739	10	80	0	0.0	0.0
032739	10	81	13	0.0	5.991
032739	10	82	0	0.0	0.0
032741	10	10	88	41.509	37.931
032741	10	8	124	58.491	53.448
032741	10	80	0	0.0	0.0
032741	10	81	20	0.0	8.621
032741	10	82	0	0.0	0.0
032749	10	10	107	45.923	35.667
032749	10	8	126	54.077	42.0
032749	10	80	42	0.0	14.0
032749	10	81	25	0.0	8.333
032749	10	82	0	0.0	0.0
032884	10	10	81	42.632	33.471
032884	10	8	99	52.105	40.909
032884	10	80	0	0.0	0.0
032884	10	81	52	0.0	21.488
032884	10	82	10	0.0	4.132
032922	10	10	99	47.143	43.805
032922	10	8	111	52.857	49.115
032922	10	80	1	0.0	0.442
032922	10	81	15	0.0	6.637
032922	10	82	0	0.0	0.0
032987	10	10	97	38.956	36.882
032987	10	8	150	60.241	57.034
032987	10	80	0	0.0	0.0
032987	10	81	14	0.0	5.323
032987	10	82	2	0.0	0.76
033176	10	10	66	34.375	32.039
033176	10	8	126	65.625	61.165
033176	10	80	1	0.0	0.485
033176	10	81	13	0.0	6.311
033176	10	82	0	0.0	0.0
033510	10	10	85	39.72	36.797
033510	10	8	128	59.813	55.411
033510	10	80	0	0.0	0.0
033510	10	81	17	0.0	7.359
033510	10	82	1	0.0	0.433
033821	10	10	83	38.605	35.47
033821	10	8	132	61.395	56.41
033821	10	80	3	0.0	1.282
033821	10	81	16	0.0	6.838
033821	10	82	0	0.0	0.0
034480	10	10	81	38.756	38.756
034480	10	8	128	61.244	61.244
034480	10	80	0	0.0	0.0
034480	10	81	0	0.0	0.0
034480	10	82	0	0.0	0.0
034997	10	10	107	45.148	41.797
034997	10	8	129	54.43	50.391
034997	10	80	2	0.0	0.781
034997	10	81	17	0.0	6.641
034997	10	82	1	0.0	0.391
035056	10	10	60	74.074	66.667
035056	10	8	21	25.926	23.333
035056	10	80	4	0.0	4.444
035056	10	81	5	0.0	5.556
035056	10	82	0	0.0	0.0
035295	10	10	95	40.773	38.934
035295	10	8	137	58.798	56.148
035295	10	80	0	0.0	0.0
035295	10	81	11	0.0	4.508
035295	10	82	1	0.0	0.41
035749	10	10	99	40.741	37.218
035749	10	8	144	59.259	54.135
035749	10	80	1	0.0	0.376
035749	10	81	22	0.0	8.271
035749	10	82	0	0.0	0.0
035810	10	10	74	33.333	31.224
035810	10	8	148	66.667	62.447
035810	10	80	1	0.0	0.422
035810	10	81	14	0.0	5.907
035810	10	82	0	0.0	0.0
036004	10	10	62	28.972	20.667
036004	10	8	152	71.028	50.667
036004	10	80	72	0.0	24.0
036004	10	81	14	0.0	4.667
036004	10	82	0	0.0	0.0
036141	10	10	74	33.636	30.833
036141	10	8	146	66.364	60.833
036141	10	80	3	0.0	1.25
036141	10	81	17	0.0	7.083
036141	10	82	0	0.0	0.0
036154	10	10	83	37.9	34.728
036154	10	8	136	62.1	56.904
036154	10	80	0	0.0	0.0
036154	10	81	20	0.0	8.368
036154	10	82	0	0.0	0.0
036158	10	10	80	35.714	34.783
036158	10	8	143	63.839	62.174
036158	10	80	0	0.0	0.0
036158	10	81	6	0.0	2.609
036158	10	82	1	0.0	0.435
036180	10	10	66	32.039	29.596
036180	10	8	140	67.961	62.78
036180	10	80	1	0.0	0.448
036180	10	81	16	0.0	7.175
036180	10	82	0	0.0	0.0
036199	10	10	91	39.394	37.449
036199	10	8	140	60.606	57.613
036199	10	80	1	0.0	0.412
036199	10	81	11	0.0	4.527
036199	10	82	0	0.0	0.0
036216	10	10	61	26.068	23.922
036216	10	8	172	73.504	67.451
036216	10	80	1	0.0	0.392
036216	10	81	20	0.0	7.843
036216	10	82	1	0.0	0.392
036255	10	10	48	30.968	20.87
036255	10	8	107	69.032	46.522
036255	10	80	65	0.0	28.261
036255	10	81	10	0.0	4.348
036255	10	82	0	0.0	0.0
036269	10	10	68	26.054	24.113
036269	10	8	193	73.946	68.44
036269	10	80	3	0.0	1.064
036269	10	81	18	0.0	6.383
036269	10	82	0	0.0	0.0
036289	10	10	75	34.404	25.0
036289	10	8	143	65.596	47.667
036289	10	80	69	0.0	23.0
036289	10	81	13	0.0	4.333
036289	10	82	0	0.0	0.0
036344	10	10	86	37.229	28.667
036344	10	8	145	62.771	48.333
036344	10	80	57	0.0	19.0
036344	10	81	12	0.0	4.0
036344	10	82	0	0.0	0.0
036367	10	10	73	33.333	31.197
036367	10	8	146	66.667	62.393
036367	10	80	7	0.0	2.991
036367	10	81	8	0.0	3.419
036367	10	82	0	0.0	0.0
036368	10	10	68	32.227	29.565
036368	10	8	140	66.351	60.87
036368	10	80	0	0.0	0.0
036368	10	81	19	0.0	8.261
036368	10	82	3	0.0	1.304
036415	10	10	55	28.061	26.316
036415	10	8	132	67.347	63.158
036415	10	80	3	0.0	1.435
036415	10	81	10	0.0	4.785
036415	10	82	9	0.0	4.306
036435	10	10	84	40.0	39.252
036435	10	8	126	60.0	58.879
036435	10	80	0	0.0	0.0
036435	10	81	4	0.0	1.869
036435	10	82	0	0.0	0.0
036466	10	10	72	34.615	33.18
036466	10	8	135	64.904	62.212
036466	10	80	2	0.0	0.922
036466	10	81	7	0.0	3.226
036466	10	82	1	0.0	0.461
036469	10	10	68	33.663	31.193
036469	10	8	132	65.347	60.55
036469	10	80	3	0.0	1.376
036469	10	81	13	0.0	5.963
036469	10	82	2	0.0	0.917
036547	10	10	75	28.195	26.502
036547	10	8	191	71.805	67.491
036547	10	80	1	0.0	0.353
036547	10	81	16	0.0	5.654
036547	10	82	0	0.0	0.0
036558	10	10	58	35.366	32.402
036558	10	8	106	64.634	59.218
036558	10	80	0	0.0	0.0
036558	10	81	15	0.0	8.38
036558	10	82	0	0.0	0.0
036643	10	10	61	32.447	30.964
036643	10	8	119	63.298	60.406
036643	10	80	1	0.0	0.508
036643	10	81	8	0.0	4.061
036643	10	82	8	0.0	4.061
036678	10	10	96	38.247	35.955
036678	10	8	154	61.355	57.678
036678	10	80	0	0.0	0.0
036678	10	81	16	0.0	5.993
036678	10	82	1	0.0	0.375
036684	10	10	62	33.696	31.156
036684	10	8	122	66.304	61.307
036684	10	80	1	0.0	0.503
036684	10	81	14	0.0	7.035
036684	10	82	0	0.0	0.0
036711	10	10	80	37.736	35.874
036711	10	8	132	62.264	59.193
036711	10	80	2	0.0	0.897
036711	10	81	9	0.0	4.036
036711	10	82	0	0.0	0.0
036714	10	10	55	32.164	24.664
036714	10	8	116	67.836	52.018
036714	10	80	3	0.0	1.345
036714	10	81	49	0.0	21.973
036714	10	82	0	0.0	0.0
036768	10	10	62	36.047	26.957
036768	10	8	110	63.953	47.826
036768	10	80	51	0.0	22.174
036768	10	81	7	0.0	3.043
036768	10	82	0	0.0	0.0
036811	10	10	48	25.131	23.301
036811	10	8	141	73.822	68.447
036811	10	80	3	0.0	1.456
036811	10	81	12	0.0	5.825
036811	10	82	2	0.0	0.971
036812	10	10	72	32.0	30.252
036812	10	8	151	67.111	63.445
036812	10	80	2	0.0	0.84
036812	10	81	11	0.0	4.622
036812	10	82	2	0.0	0.84
036820	10	10	75	36.058	33.482
036820	10	8	130	62.5	58.036
036820	10	80	1	0.0	0.446
036820	10	81	15	0.0	6.696
036820	10	82	3	0.0	1.339
036860	10	10	87	39.189	37.662
036860	10	8	134	60.36	58.009
036860	10	80	0	0.0	0.0
036860	10	81	9	0.0	3.896
036860	10	82	1	0.0	0.433
036870	10	10	69	31.364	23.0
036870	10	8	151	68.636	50.333
036870	10	80	67	0.0	22.333
036870	10	81	13	0.0	4.333
036870	10	82	0	0.0	0.0
036929	10	10	64	29.493	26.891
036929	10	8	151	69.585	63.445
036929	10	80	1	0.0	0.42
036929	10	81	20	0.0	8.403
036929	10	82	2	0.0	0.84
036935	10	10	58	26.728	25.551
036935	10	8	158	72.811	69.604
036935	10	80	1	0.0	0.441
036935	10	81	9	0.0	3.965
036935	10	82	1	0.0	0.441
036958	10	10	71	36.41	23.667
036958	10	8	124	63.59	41.333
036958	10	80	100	0.0	33.333
036958	10	81	5	0.0	1.667
036958	10	82	0	0.0	0.0
036996	10	10	78	36.279	35.135
036996	10	8	136	63.256	61.261
036996	10	80	0	0.0	0.0
036996	10	81	7	0.0	3.153
036996	10	82	1	0.0	0.45
036998	10	10	68	34.0	22.667
036998	10	8	132	66.0	44.0
036998	10	80	91	0.0	30.333
036998	10	81	9	0.0	3.0
036998	10	82	0	0.0	0.0
037072	10	10	86	38.393	36.134
037072	10	8	138	61.607	57.983
037072	10	80	0	0.0	0.0
037072	10	81	14	0.0	5.882
037072	10	82	0	0.0	0.0
037080	10	10	101	43.348	39.921
037080	10	8	131	56.223	51.779
037080	10	80	2	0.0	0.791
037080	10	81	18	0.0	7.115
037080	10	82	1	0.0	0.395
037091	10	10	103	43.644	43.644
037091	10	8	123	52.119	52.119
037091	10	80	0	0.0	0.0
037091	10	81	0	0.0	0.0
037091	10	82	10	0.0	4.237
037179	10	10	123	50.826	48.047
037179	10	8	119	49.174	46.484
037179	10	80	1	0.0	0.391
037179	10	81	13	0.0	5.078
037179	10	82	0	0.0	0.0
037180	10	10	117	49.16	46.8
037180	10	8	121	50.84	48.4
037180	10	80	3	0.0	1.2
037180	10	81	9	0.0	3.6
037180	10	82	0	0.0	0.0
037195	10	10	63	38.889	36.0
037195	10	8	98	60.494	56.0
037195	10	80	1	0.0	0.571
037195	10	81	12	0.0	6.857
037195	10	82	1	0.0	0.571
037196	10	10	115	46.371	43.726
037196	10	8	133	53.629	50.57
037196	10	80	2	0.0	0.76
037196	10	81	13	0.0	4.943
037196	10	82	0	0.0	0.0
037197	10	10	104	42.798	40.0
037197	10	8	139	57.202	53.462
037197	10	80	3	0.0	1.154
037197	10	81	14	0.0	5.385
037197	10	82	0	0.0	0.0
037200	10	10	122	50.622	45.865
037200	10	8	118	48.963	44.361
037200	10	80	4	0.0	1.504
037200	10	81	21	0.0	7.895
037200	10	82	1	0.0	0.376
037202	10	10	97	39.918	38.039
037202	10	8	145	59.671	56.863
037202	10	80	0	0.0	0.0
037202	10	81	12	0.0	4.706
037202	10	82	1	0.0	0.392
037203	10	10	121	44.322	42.606
037203	10	8	152	55.678	53.521
037203	10	80	1	0.0	0.352
037203	10	81	10	0.0	3.521
037203	10	82	0	0.0	0.0
037213	10	10	80	35.088	33.058
037213	10	8	134	58.772	55.372
037213	10	80	1	0.0	0.413
037213	10	81	13	0.0	5.372
037213	10	82	14	0.0	5.785
037214	10	10	99	41.772	41.772
037214	10	8	131	55.274	55.274
037214	10	80	0	0.0	0.0
037214	10	81	0	0.0	0.0
037214	10	82	7	0.0	2.954
037225	10	10	87	39.908	37.826
037225	10	8	131	60.092	56.957
037225	10	80	1	0.0	0.435
037225	10	81	11	0.0	4.783
037225	10	82	0	0.0	0.0
037263	10	10	116	46.586	43.609
037263	10	8	133	53.414	50.0
037263	10	80	1	0.0	0.376
037263	10	81	16	0.0	6.015
037263	10	82	0	0.0	0.0
037283	10	10	98	40.833	38.735
037283	10	8	142	59.167	56.126
037283	10	80	1	0.0	0.395
037283	10	81	12	0.0	4.743
037283	10	82	0	0.0	0.0
037293	10	10	74	28.244	26.429
037293	10	8	186	70.992	66.429
037293	10	80	1	0.0	0.357
037293	10	81	17	0.0	6.071
037293	10	82	2	0.0	0.714
037299	10	10	83	31.203	28.72
037299	10	8	183	68.797	63.322
037299	10	80	1	0.0	0.346
037299	10	81	22	0.0	7.612
037299	10	82	0	0.0	0.0
037315	10	10	88	35.341	29.333
037315	10	8	161	64.659	53.667
037315	10	80	41	0.0	13.667
037315	10	81	10	0.0	3.333
037315	10	82	0	0.0	0.0
037322	10	10	90	39.648	36.885
037322	10	8	137	60.352	56.148
037322	10	80	2	0.0	0.82
037322	10	81	15	0.0	6.148
037322	10	82	0	0.0	0.0
037323	10	10	102	43.966	41.633
037323	10	8	130	56.034	53.061
037323	10	80	3	0.0	1.224
037323	10	81	10	0.0	4.082
037323	10	82	0	0.0	0.0
037328	10	10	89	39.91	38.362
037328	10	8	134	60.09	57.759
037328	10	80	0	0.0	0.0
037328	10	81	9	0.0	3.879
037328	10	82	0	0.0	0.0
037329	10	10	98	43.363	41.525
037329	10	8	128	56.637	54.237
037329	10	80	1	0.0	0.424
037329	10	81	9	0.0	3.814
037329	10	82	0	0.0	0.0
037339	10	10	120	47.619	45.627
037339	10	8	132	52.381	50.19
037339	10	80	1	0.0	0.38
037339	10	81	10	0.0	3.802
037339	10	82	0	0.0	0.0
037342	10	10	110	45.267	43.137
037342	10	8	133	54.733	52.157
037342	10	80	2	0.0	0.784
037342	10	81	10	0.0	3.922
037342	10	82	0	0.0	0.0
037344	10	10	83	35.47	33.2
037344	10	8	151	64.53	60.4
037344	10	80	2	0.0	0.8
037344	10	81	14	0.0	5.6
037344	10	82	0	0.0	0.0
037353	10	10	102	41.975	40.0
037353	10	8	141	58.025	55.294
037353	10	80	1	0.0	0.392
037353	10	81	11	0.0	4.314
037353	10	82	0	0.0	0.0
037372	10	10	98	41.35	38.889
037372	10	8	139	58.65	55.159
037372	10	80	2	0.0	0.794
037372	10	81	13	0.0	5.159
037372	10	82	0	0.0	0.0
037374	10	10	103	43.644	41.7
037374	10	8	133	56.356	53.846
037374	10	80	2	0.0	0.81
037374	10	81	9	0.0	3.644
037374	10	82	0	0.0	0.0
037376	10	10	112	47.458	46.091
037376	10	8	124	52.542	51.029
037376	10	80	0	0.0	0.0
037376	10	81	7	0.0	2.881
037376	10	82	0	0.0	0.0
037377	10	10	93	39.241	37.652
037377	10	8	144	60.759	58.3
037377	10	80	2	0.0	0.81
037377	10	81	8	0.0	3.239
037377	10	82	0	0.0	0.0
037384	10	10	76	36.364	29.921
037384	10	8	133	63.636	52.362
037384	10	80	39	0.0	15.354
037384	10	81	6	0.0	2.362
037384	10	82	0	0.0	0.0
037398	10	10	114	47.5	45.238
037398	10	8	126	52.5	50.0
037398	10	80	2	0.0	0.794
037398	10	81	10	0.0	3.968
037398	10	82	0	0.0	0.0
037412	10	10	95	39.583	36.398
037412	10	8	145	60.417	55.556
037412	10	80	2	0.0	0.766
037412	10	81	19	0.0	7.28
037412	10	82	0	0.0	0.0
037418	10	10	89	35.458	29.667
037418	10	8	162	64.542	54.0
037418	10	80	35	0.0	11.667
037418	10	81	14	0.0	4.667
037418	10	82	0	0.0	0.0
037444	10	10	112	48.696	48.069
037444	10	8	118	51.304	50.644
037444	10	80	0	0.0	0.0
037444	10	81	3	0.0	1.288
037444	10	82	0	0.0	0.0
037458	10	10	120	51.502	48.98
037458	10	8	113	48.498	46.122
037458	10	80	0	0.0	0.0
037458	10	81	12	0.0	4.898
037458	10	82	0	0.0	0.0
037475	10	10	107	43.32	41.313
037475	10	8	140	56.68	54.054
037475	10	80	0	0.0	0.0
037475	10	81	12	0.0	4.633
037475	10	82	0	0.0	0.0
037495	10	10	96	48.98	44.86
037495	10	8	100	51.02	46.729
037495	10	80	0	0.0	0.0
037495	10	81	18	0.0	8.411
037495	10	82	0	0.0	0.0
037515	10	10	117	50.87	48.548
037515	10	8	113	49.13	46.888
037515	10	80	2	0.0	0.83
037515	10	81	9	0.0	3.734
037515	10	82	0	0.0	0.0
037524	10	10	105	46.256	43.933
037524	10	8	122	53.744	51.046
037524	10	80	1	0.0	0.418
037524	10	81	11	0.0	4.603
037524	10	82	0	0.0	0.0
037525	10	10	97	23.15	22.664
037525	10	8	108	25.776	25.234
037525	10	80	3	0.0	0.701
037525	10	81	6	0.0	1.402
037525	10	82	214	0.0	50.0
037566	10	10	118	51.528	39.333
037566	10	8	111	48.472	37.0
037566	10	80	12	0.0	4.0
037566	10	81	59	0.0	19.667
037566	10	82	0	0.0	0.0
037584	10	10	112	51.852	50.224
037584	10	8	104	48.148	46.637
037584	10	80	1	0.0	0.448
037584	10	81	6	0.0	2.691
037584	10	82	0	0.0	0.0
037588	10	10	92	48.677	45.771
037588	10	8	97	51.323	48.259
037588	10	80	1	0.0	0.498
037588	10	81	11	0.0	5.473
037588	10	82	0	0.0	0.0
037591	10	10	117	51.77	48.347
037591	10	8	109	48.23	45.041
037591	10	80	0	0.0	0.0
037591	10	81	16	0.0	6.612
037591	10	82	0	0.0	0.0
037592	10	10	110	48.889	46.218
037592	10	8	115	51.111	48.319
037592	10	80	0	0.0	0.0
037592	10	81	13	0.0	5.462
037592	10	82	0	0.0	0.0
037593	10	10	112	49.339	46.862
037593	10	8	115	50.661	48.117
037593	10	80	2	0.0	0.837
037593	10	81	10	0.0	4.184
037593	10	82	0	0.0	0.0
037598	10	10	97	48.5	42.544
037598	10	8	103	51.5	45.175
037598	10	80	2	0.0	0.877
037598	10	81	26	0.0	11.404
037598	10	82	0	0.0	0.0
037602	10	10	95	44.601	41.126
037602	10	8	118	55.399	51.082
037602	10	80	2	0.0	0.866
037602	10	81	16	0.0	6.926
037602	10	82	0	0.0	0.0
037604	10	10	102	47.664	44.541
037604	10	8	112	52.336	48.908
037604	10	80	2	0.0	0.873
037604	10	81	13	0.0	5.677
037604	10	82	0	0.0	0.0
037609	10	10	114	54.545	50.667
037609	10	8	95	45.455	42.222
037609	10	80	2	0.0	0.889
037609	10	81	14	0.0	6.222
037609	10	82	0	0.0	0.0
037611	10	10	103	48.585	45.778
037611	10	8	109	51.415	48.444
037611	10	80	0	0.0	0.0
037611	10	81	13	0.0	5.778
037611	10	82	0	0.0	0.0
037619	10	10	122	53.509	51.261
037619	10	8	106	46.491	44.538
037619	10	80	1	0.0	0.42
037619	10	81	9	0.0	3.782
037619	10	82	0	0.0	0.0
037629	10	10	119	49.174	46.304
037629	10	8	123	50.826	47.86
037629	10	80	3	0.0	1.167
037629	10	81	12	0.0	4.669
037629	10	82	0	0.0	0.0
037630	10	10	144	56.693	53.532
037630	10	8	110	43.307	40.892
037630	10	80	3	0.0	1.115
037630	10	81	12	0.0	4.461
037630	10	82	0	0.0	0.0
037631	10	10	133	55.187	50.189
037631	10	8	108	44.813	40.755
037631	10	80	3	0.0	1.132
037631	10	81	21	0.0	7.925
037631	10	82	0	0.0	0.0
037633	10	10	116	48.739	45.136
037633	10	8	122	51.261	47.471
037633	10	80	1	0.0	0.389
037633	10	81	18	0.0	7.004
037633	10	82	0	0.0	0.0
037640	10	10	97	57.059	51.053
037640	10	8	73	42.941	38.421
037640	10	80	4	0.0	2.105
037640	10	81	16	0.0	8.421
037640	10	82	0	0.0	0.0
037646	10	10	132	56.17	54.098
037646	10	8	103	43.83	42.213
037646	10	80	1	0.0	0.41
037646	10	81	8	0.0	3.279
037646	10	82	0	0.0	0.0
037647	10	10	130	53.279	50.193
037647	10	8	114	46.721	44.015
037647	10	80	1	0.0	0.386
037647	10	81	14	0.0	5.405
037647	10	82	0	0.0	0.0
037668	10	10	130	58.824	55.319
037668	10	8	91	41.176	38.723
037668	10	80	0	0.0	0.0
037668	10	81	14	0.0	5.957
037668	10	82	0	0.0	0.0
037672	10	10	76	37.438	25.333
037672	10	8	127	62.562	42.333
037672	10	80	82	0.0	27.333
037672	10	81	15	0.0	5.0
037672	10	82	0	0.0	0.0
037673	10	10	75	33.632	32.328
037673	10	8	148	66.368	63.793
037673	10	80	0	0.0	0.0
037673	10	81	9	0.0	3.879
037673	10	82	0	0.0	0.0
037674	10	10	88	41.121	29.333
037674	10	8	126	58.879	42.0
037674	10	80	81	0.0	27.0
037674	10	81	5	0.0	1.667
037674	10	82	0	0.0	0.0
037688	10	10	92	41.629	39.149
037688	10	8	129	58.371	54.894
037688	10	80	1	0.0	0.426
037688	10	81	13	0.0	5.532
037688	10	82	0	0.0	0.0
037696	10	10	79	37.089	33.761
037696	10	8	134	62.911	57.265
037696	10	80	1	0.0	0.427
037696	10	81	20	0.0	8.547
037696	10	82	0	0.0	0.0
037697	10	10	85	39.535	37.118
037697	10	8	130	60.465	56.769
037697	10	80	0	0.0	0.0
037697	10	81	14	0.0	6.114
037697	10	82	0	0.0	0.0
037702	10	10	121	46.538	44.0
037702	10	8	139	53.462	50.545
037702	10	80	0	0.0	0.0
037702	10	81	15	0.0	5.455
037702	10	82	0	0.0	0.0
037703	10	10	131	51.575	48.162
037703	10	8	123	48.425	45.221
037703	10	80	0	0.0	0.0
037703	10	81	18	0.0	6.618
037703	10	82	0	0.0	0.0
037710	10	10	100	41.322	38.61
037710	10	8	142	58.678	54.826
037710	10	80	0	0.0	0.0
037710	10	81	17	0.0	6.564
037710	10	82	0	0.0	0.0
037714	10	10	111	45.122	43.529
037714	10	8	135	54.878	52.941
037714	10	80	1	0.0	0.392
037714	10	81	8	0.0	3.137
037714	10	82	0	0.0	0.0
037720	10	10	107	44.77	41.154
037720	10	8	132	55.23	50.769
037720	10	80	1	0.0	0.385
037720	10	81	20	0.0	7.692
037720	10	82	0	0.0	0.0
037752	10	10	101	43.913	33.667
037752	10	8	129	56.087	43.0
037752	10	80	58	0.0	19.333
037752	10	81	12	0.0	4.0
037752	10	82	0	0.0	0.0
037755	10	10	100	44.053	40.816
037755	10	8	127	55.947	51.837
037755	10	80	3	0.0	1.224
037755	10	81	15	0.0	6.122
037755	10	82	0	0.0	0.0
037757	10	10	99	44.595	42.128
037757	10	8	123	55.405	52.34
037757	10	80	1	0.0	0.426
037757	10	81	12	0.0	5.106
037757	10	82	0	0.0	0.0
037760	10	10	94	40.171	39.331
037760	10	8	140	59.829	58.577
037760	10	80	1	0.0	0.418
037760	10	81	4	0.0	1.674
037760	10	82	0	0.0	0.0
037768	10	10	104	45.815	44.444
037768	10	8	123	54.185	52.564
037768	10	80	1	0.0	0.427
037768	10	81	6	0.0	2.564
037768	10	82	0	0.0	0.0
037769	10	10	64	41.026	38.095
037769	10	8	92	58.974	54.762
037769	10	80	1	0.0	0.595
037769	10	81	11	0.0	6.548
037769	10	82	0	0.0	0.0
037772	10	10	97	40.417	38.492
037772	10	8	143	59.583	56.746
037772	10	80	1	0.0	0.397
037772	10	81	11	0.0	4.365
037772	10	82	0	0.0	0.0
037773	10	10	97	40.928	39.271
037773	10	8	140	59.072	56.68
037773	10	80	0	0.0	0.0
037773	10	81	10	0.0	4.049
037773	10	82	0	0.0	0.0
037799	10	10	89	44.279	40.455
037799	10	8	112	55.721	50.909
037799	10	80	0	0.0	0.0
037799	10	81	19	0.0	8.636
037799	10	82	0	0.0	0.0
037802	10	10	116	54.717	51.101
037802	10	8	96	45.283	42.291
037802	10	80	2	0.0	0.881
037802	10	81	13	0.0	5.727
037802	10	82	0	0.0	0.0
037818	10	10	100	45.249	42.553
037818	10	8	121	54.751	51.489
037818	10	80	2	0.0	0.851
037818	10	81	12	0.0	5.106
037818	10	82	0	0.0	0.0
037838	10	10	127	46.863	45.035
037838	10	8	144	53.137	51.064
037838	10	80	0	0.0	0.0
037838	10	81	11	0.0	3.901
037838	10	82	0	0.0	0.0
037842	10	10	71	41.04	37.766
037842	10	8	100	57.803	53.191
037842	10	80	0	0.0	0.0
037842	10	81	15	0.0	7.979
037842	10	82	2	0.0	1.064
037845	10	10	87	41.627	38.326
037845	10	8	122	58.373	53.744
037845	10	80	1	0.0	0.441
037845	10	81	17	0.0	7.489
037845	10	82	0	0.0	0.0
037856	10	10	81	40.909	36.986
037856	10	8	117	59.091	53.425
037856	10	80	0	0.0	0.0
037856	10	81	21	0.0	9.589
037856	10	82	0	0.0	0.0
037884	10	10	99	38.976	37.218
037884	10	8	155	61.024	58.271
037884	10	80	0	0.0	0.0
037884	10	81	12	0.0	4.511
037884	10	82	0	0.0	0.0
037890	10	10	98	37.692	36.029
037890	10	8	162	62.308	59.559
037890	10	80	0	0.0	0.0
037890	10	81	12	0.0	4.412
037890	10	82	0	0.0	0.0
037893	10	10	111	43.701	41.418
037893	10	8	143	56.299	53.358
037893	10	80	1	0.0	0.373
037893	10	81	13	0.0	4.851
037893	10	82	0	0.0	0.0
037911	10	10	91	42.13	39.565
037911	10	8	125	57.87	54.348
037911	10	80	2	0.0	0.87
037911	10	81	12	0.0	5.217
037911	10	82	0	0.0	0.0
037920	10	10	81	36.486	34.177
037920	10	8	141	63.514	59.494
037920	10	80	1	0.0	0.422
037920	10	81	14	0.0	5.907
037920	10	82	0	0.0	0.0
037922	10	10	74	35.922	33.636
037922	10	8	132	64.078	60.0
037922	10	80	3	0.0	1.364
037922	10	81	11	0.0	5.0
037922	10	82	0	0.0	0.0
037924	10	10	114	48.511	46.154
037924	10	8	121	51.489	48.988
037924	10	80	0	0.0	0.0
037924	10	81	12	0.0	4.858
037924	10	82	0	0.0	0.0
037926	10	10	93	41.15	38.75
037926	10	8	133	58.85	55.417
037926	10	80	2	0.0	0.833
037926	10	81	12	0.0	5.0
037926	10	82	0	0.0	0.0
037927	10	10	92	46.0	41.441
037927	10	8	108	54.0	48.649
037927	10	80	1	0.0	0.45
037927	10	81	21	0.0	9.459
037927	10	82	0	0.0	0.0
037951	10	10	106	48.624	45.494
037951	10	8	112	51.376	48.069
037951	10	80	1	0.0	0.429
037951	10	81	14	0.0	6.009
037951	10	82	0	0.0	0.0
037952	10	10	86	38.222	34.818
037952	10	8	139	61.778	56.275
037952	10	80	1	0.0	0.405
037952	10	81	21	0.0	8.502
037952	10	82	0	0.0	0.0
037958	10	10	120	50.847	47.809
037958	10	8	116	49.153	46.215
037958	10	80	1	0.0	0.398
037958	10	81	14	0.0	5.578
037958	10	82	0	0.0	0.0
037963	10	10	108	45.188	43.373
037963	10	8	131	54.812	52.61
037963	10	80	0	0.0	0.0
037963	10	81	10	0.0	4.016
037963	10	82	0	0.0	0.0
037974	10	10	81	35.371	33.061
037974	10	8	148	64.629	60.408
037974	10	80	4	0.0	1.633
037974	10	81	12	0.0	4.898
037974	10	82	0	0.0	0.0
037986	10	10	88	37.768	35.06
037986	10	8	145	62.232	57.769
037986	10	80	2	0.0	0.797
037986	10	81	16	0.0	6.375
037986	10	82	0	0.0	0.0
037987	10	10	99	40.244	37.5
037987	10	8	147	59.756	55.682
037987	10	80	1	0.0	0.379
037987	10	81	17	0.0	6.439
037987	10	82	0	0.0	0.0
038036	10	10	99	43.231	40.741
038036	10	8	130	56.769	53.498
038036	10	80	2	0.0	0.823
038036	10	81	12	0.0	4.938
038036	10	82	0	0.0	0.0
038037	10	10	95	42.411	38.306
038037	10	8	129	57.589	52.016
038037	10	80	1	0.0	0.403
038037	10	81	23	0.0	9.274
038037	10	82	0	0.0	0.0
038048	10	10	123	52.119	49.398
038048	10	8	113	47.881	45.382
038048	10	80	3	0.0	1.205
038048	10	81	10	0.0	4.016
038048	10	82	0	0.0	0.0
038061	10	10	110	45.833	43.478
038061	10	8	130	54.167	51.383
038061	10	80	1	0.0	0.395
038061	10	81	12	0.0	4.743
038061	10	82	0	0.0	0.0
038063	10	10	97	44.7	42.174
038063	10	8	120	55.3	52.174
038063	10	80	2	0.0	0.87
038063	10	81	11	0.0	4.783
038063	10	82	0	0.0	0.0
038095	10	10	61	39.869	37.654
038095	10	8	92	60.131	56.79
038095	10	80	1	0.0	0.617
038095	10	81	8	0.0	4.938
038095	10	82	0	0.0	0.0
038119	10	10	87	43.069	42.439
038119	10	8	115	56.931	56.098
038119	10	80	1	0.0	0.488
038119	10	81	2	0.0	0.976
038119	10	82	0	0.0	0.0
038125	10	10	70	40.936	37.634
038125	10	8	101	59.064	54.301
038125	10	80	0	0.0	0.0
038125	10	81	15	0.0	8.065
038125	10	82	0	0.0	0.0
038129	10	10	86	45.026	42.157
038129	10	8	105	54.974	51.471
038129	10	80	1	0.0	0.49
038129	10	81	12	0.0	5.882
038129	10	82	0	0.0	0.0
038130	10	10	92	46.465	44.444
038130	10	8	106	53.535	51.208
038130	10	80	1	0.0	0.483
038130	10	81	8	0.0	3.865
038130	10	82	0	0.0	0.0
038137	10	10	58	32.222	29.293
038137	10	8	121	67.222	61.111
038137	10	80	2	0.0	1.01
038137	10	81	16	0.0	8.081
038137	10	82	1	0.0	0.505
038138	10	10	69	38.122	35.204
038138	10	8	112	61.878	57.143
038138	10	80	0	0.0	0.0
038138	10	81	15	0.0	7.653
038138	10	82	0	0.0	0.0
038139	10	10	81	43.085	39.706
038139	10	8	104	55.319	50.98
038139	10	80	0	0.0	0.0
038139	10	81	16	0.0	7.843
038139	10	82	3	0.0	1.471
038149	10	10	84	39.07	36.052
038149	10	8	131	60.93	56.223
038149	10	80	3	0.0	1.288
038149	10	81	15	0.0	6.438
038149	10	82	0	0.0	0.0
038152	10	10	104	43.882	41.935
038152	10	8	133	56.118	53.629
038152	10	80	2	0.0	0.806
038152	10	81	9	0.0	3.629
038152	10	82	0	0.0	0.0
038155	10	10	91	41.935	38.397
038155	10	8	126	58.065	53.165
038155	10	80	2	0.0	0.844
038155	10	81	18	0.0	7.595
038155	10	82	0	0.0	0.0
038166	10	10	106	44.726	42.742
038166	10	8	131	55.274	52.823
038166	10	80	1	0.0	0.403
038166	10	81	10	0.0	4.032
038166	10	82	0	0.0	0.0
038171	10	10	107	47.982	45.726
038171	10	8	116	52.018	49.573
038171	10	80	1	0.0	0.427
038171	10	81	10	0.0	4.274
038171	10	82	0	0.0	0.0
038172	10	10	120	53.812	51.724
038172	10	8	103	46.188	44.397
038172	10	80	0	0.0	0.0
038172	10	81	9	0.0	3.879
038172	10	82	0	0.0	0.0
038174	10	10	97	43.498	41.631
038174	10	8	126	56.502	54.077
038174	10	80	2	0.0	0.858
038174	10	81	8	0.0	3.433
038174	10	82	0	0.0	0.0
038175	10	10	115	52.511	50.218
038175	10	8	104	47.489	45.415
038175	10	80	0	0.0	0.0
038175	10	81	10	0.0	4.367
038175	10	82	0	0.0	0.0
038199	10	10	76	40.642	38.191
038199	10	8	111	59.358	55.779
038199	10	80	4	0.0	2.01
038199	10	81	8	0.0	4.02
038199	10	82	0	0.0	0.0
038211	10	10	100	38.61	36.765
038211	10	8	159	61.39	58.456
038211	10	80	1	0.0	0.368
038211	10	81	12	0.0	4.412
038211	10	82	0	0.0	0.0
038217	10	10	113	44.314	41.697
038217	10	8	142	55.686	52.399
038217	10	80	1	0.0	0.369
038217	10	81	15	0.0	5.535
038217	10	82	0	0.0	0.0
038223	10	10	107	53.5	50.952
038223	10	8	93	46.5	44.286
038223	10	80	1	0.0	0.476
038223	10	81	9	0.0	4.286
038223	10	82	0	0.0	0.0
038243	10	10	103	47.032	44.397
038243	10	8	116	52.968	50.0
038243	10	80	2	0.0	0.862
038243	10	81	11	0.0	4.741
038243	10	82	0	0.0	0.0
038244	10	10	104	48.826	46.847
038244	10	8	109	51.174	49.099
038244	10	80	3	0.0	1.351
038244	10	81	6	0.0	2.703
038244	10	82	0	0.0	0.0
038245	10	10	101	45.909	45.291
038245	10	8	119	54.091	53.363
038245	10	80	0	0.0	0.0
038245	10	81	3	0.0	1.345
038245	10	82	0	0.0	0.0
038247	10	10	84	39.623	38.889
038247	10	8	128	60.377	59.259
038247	10	80	0	0.0	0.0
038247	10	81	4	0.0	1.852
038247	10	82	0	0.0	0.0
038250	10	10	115	54.762	52.752
038250	10	8	95	45.238	43.578
038250	10	80	0	0.0	0.0
038250	10	81	8	0.0	3.67
038250	10	82	0	0.0	0.0
038254	10	10	92	45.32	45.32
038254	10	8	111	54.68	54.68
038254	10	80	0	0.0	0.0
038254	10	81	0	0.0	0.0
038254	10	82	0	0.0	0.0
038279	10	10	102	47.664	44.934
038279	10	8	112	52.336	49.339
038279	10	80	1	0.0	0.441
038279	10	81	12	0.0	5.286
038279	10	82	0	0.0	0.0
038281	10	10	89	42.18	38.528
038281	10	8	122	57.82	52.814
038281	10	80	0	0.0	0.0
038281	10	81	20	0.0	8.658
038281	10	82	0	0.0	0.0
038282	10	10	107	46.121	44.583
038282	10	8	125	53.879	52.083
038282	10	80	1	0.0	0.417
038282	10	81	7	0.0	2.917
038282	10	82	0	0.0	0.0
038288	10	10	91	43.75	41.553
038288	10	8	117	56.25	53.425
038288	10	80	1	0.0	0.457
038288	10	81	10	0.0	4.566
038288	10	82	0	0.0	0.0
038290	10	10	80	37.383	34.783
038290	10	8	134	62.617	58.261
038290	10	80	1	0.0	0.435
038290	10	81	15	0.0	6.522
038290	10	82	0	0.0	0.0
038298	10	10	114	50.442	48.511
038298	10	8	112	49.558	47.66
038298	10	80	0	0.0	0.0
038298	10	81	9	0.0	3.83
038298	10	82	0	0.0	0.0
038351	10	10	104	48.372	45.415
038351	10	8	111	51.628	48.472
038351	10	80	0	0.0	0.0
038351	10	81	14	0.0	6.114
038351	10	82	0	0.0	0.0
038360	10	10	108	50.467	46.957
038360	10	8	106	49.533	46.087
038360	10	80	2	0.0	0.87
038360	10	81	14	0.0	6.087
038360	10	82	0	0.0	0.0
038361	10	10	90	48.128	43.269
038361	10	8	97	51.872	46.635
038361	10	80	1	0.0	0.481
038361	10	81	20	0.0	9.615
038361	10	82	0	0.0	0.0
038372	10	10	82	40.394	38.679
038372	10	8	121	59.606	57.075
038372	10	80	3	0.0	1.415
038372	10	81	6	0.0	2.83
038372	10	82	0	0.0	0.0
038375	10	10	64	41.558	38.554
038375	10	8	90	58.442	54.217
038375	10	80	0	0.0	0.0
038375	10	81	12	0.0	7.229
038375	10	82	0	0.0	0.0
038405	10	10	92	44.444	38.333
038405	10	8	115	55.556	47.917
038405	10	80	2	0.0	0.833
038405	10	81	31	0.0	12.917
038405	10	82	0	0.0	0.0
038412	10	10	89	40.639	38.696
038412	10	8	130	59.361	56.522
038412	10	80	0	0.0	0.0
038412	10	81	11	0.0	4.783
038412	10	82	0	0.0	0.0
038429	10	10	101	46.544	43.534
038429	10	8	116	53.456	50.0
038429	10	80	0	0.0	0.0
038429	10	81	15	0.0	6.466
038429	10	82	0	0.0	0.0
038462	10	10	102	49.756	48.804
038462	10	8	103	50.244	49.282
038462	10	80	0	0.0	0.0
038462	10	81	4	0.0	1.914
038462	10	82	0	0.0	0.0
038474	10	10	112	50.45	48.696
038474	10	8	110	49.55	47.826
038474	10	80	0	0.0	0.0
038474	10	81	8	0.0	3.478
038474	10	82	0	0.0	0.0
038476	10	10	91	45.274	42.13
038476	10	8	110	54.726	50.926
038476	10	80	0	0.0	0.0
038476	10	81	15	0.0	6.944
038476	10	82	0	0.0	0.0
038489	10	10	110	46.809	44.0
038489	10	8	125	53.191	50.0
038489	10	80	0	0.0	0.0
038489	10	81	15	0.0	6.0
038489	10	82	0	0.0	0.0
038490	10	10	106	46.696	43.802
038490	10	8	121	53.304	50.0
038490	10	80	1	0.0	0.413
038490	10	81	14	0.0	5.785
038490	10	82	0	0.0	0.0
038515	10	10	111	48.684	46.25
038515	10	8	117	51.316	48.75
038515	10	80	0	0.0	0.0
038515	10	81	12	0.0	5.0
038515	10	82	0	0.0	0.0
038520	10	10	123	55.405	41.0
038520	10	8	99	44.595	33.0
038520	10	80	73	0.0	24.333
038520	10	81	5	0.0	1.667
038520	10	82	0	0.0	0.0
038521	10	10	94	45.411	42.534
038521	10	8	113	54.589	51.131
038521	10	80	0	0.0	0.0
038521	10	81	14	0.0	6.335
038521	10	82	0	0.0	0.0
038531	10	10	63	44.366	37.278
038531	10	8	79	55.634	46.746
038531	10	80	2	0.0	1.183
038531	10	81	25	0.0	14.793
038531	10	82	0	0.0	0.0
038538	10	10	101	42.616	40.239
038538	10	8	136	57.384	54.183
038538	10	80	2	0.0	0.797
038538	10	81	12	0.0	4.781
038538	10	82	0	0.0	0.0
038543	10	10	93	43.458	41.704
038543	10	8	121	56.542	54.26
038543	10	80	0	0.0	0.0
038543	10	81	9	0.0	4.036
038543	10	82	0	0.0	0.0
038570	10	10	72	51.799	47.368
038570	10	8	67	48.201	44.079
038570	10	80	0	0.0	0.0
038570	10	81	13	0.0	8.553
038570	10	82	0	0.0	0.0
038580	10	10	84	42.0	39.623
038580	10	8	116	58.0	54.717
038580	10	80	1	0.0	0.472
038580	10	81	11	0.0	5.189
038580	10	82	0	0.0	0.0
038585	10	10	82	40.796	39.806
038585	10	8	119	59.204	57.767
038585	10	80	0	0.0	0.0
038585	10	81	5	0.0	2.427
038585	10	82	0	0.0	0.0
038605	10	10	100	43.103	41.322
038605	10	8	132	56.897	54.545
038605	10	80	0	0.0	0.0
038605	10	81	10	0.0	4.132
038605	10	82	0	0.0	0.0
038606	10	10	104	47.273	43.697
038606	10	8	116	52.727	48.739
038606	10	80	2	0.0	0.84
038606	10	81	16	0.0	6.723
038606	10	82	0	0.0	0.0
038608	10	10	88	45.128	37.931
038608	10	8	107	54.872	46.121
038608	10	80	0	0.0	0.0
038608	10	81	37	0.0	15.948
038608	10	82	0	0.0	0.0
038611	10	10	109	50.23	46.983
038611	10	8	108	49.77	46.552
038611	10	80	2	0.0	0.862
038611	10	81	13	0.0	5.603
038611	10	82	0	0.0	0.0
038614	10	10	123	52.34	51.25
038614	10	8	108	45.957	45.0
038614	10	80	0	0.0	0.0
038614	10	81	5	0.0	2.083
038614	10	82	4	0.0	1.667
038622	10	10	82	41.624	38.318
038622	10	8	115	58.376	53.738
038622	10	80	0	0.0	0.0
038622	10	81	17	0.0	7.944
038622	10	82	0	0.0	0.0
038623	10	10	77	40.741	37.561
038623	10	8	112	59.259	54.634
038623	10	80	2	0.0	0.976
038623	10	81	14	0.0	6.829
038623	10	82	0	0.0	0.0
038630	10	10	98	51.852	47.343
038630	10	8	91	48.148	43.961
038630	10	80	3	0.0	1.449
038630	10	81	15	0.0	7.246
038630	10	82	0	0.0	0.0
038641	10	10	78	39.796	35.78
038641	10	8	118	60.204	54.128
038641	10	80	2	0.0	0.917
038641	10	81	20	0.0	9.174
038641	10	82	0	0.0	0.0
038649	10	10	99	44.0	42.489
038649	10	8	126	56.0	54.077
038649	10	80	0	0.0	0.0
038649	10	81	8	0.0	3.433
038649	10	82	0	0.0	0.0
038650	10	10	93	41.518	39.574
038650	10	8	131	58.482	55.745
038650	10	80	2	0.0	0.851
038650	10	81	9	0.0	3.83
038650	10	82	0	0.0	0.0
038662	10	10	79	37.441	34.802
038662	10	8	132	62.559	58.15
038662	10	80	0	0.0	0.0
038662	10	81	16	0.0	7.048
038662	10	82	0	0.0	0.0
038665	10	10	53	29.775	27.895
038665	10	8	125	70.225	65.789
038665	10	80	0	0.0	0.0
038665	10	81	12	0.0	6.316
038665	10	82	0	0.0	0.0
038666	10	10	75	29.183	25.0
038666	10	8	182	70.817	60.667
038666	10	80	32	0.0	10.667
038666	10	81	11	0.0	3.667
038666	10	82	0	0.0	0.0
038669	10	10	79	33.475	30.859
038669	10	8	155	65.678	60.547
038669	10	80	0	0.0	0.0
038669	10	81	20	0.0	7.813
038669	10	82	2	0.0	0.781
038672	10	10	85	33.73	32.692
038672	10	8	167	66.27	64.231
038672	10	80	0	0.0	0.0
038672	10	81	8	0.0	3.077
038672	10	82	0	0.0	0.0
038711	10	10	95	47.739	44.393
038711	10	8	104	52.261	48.598
038711	10	80	0	0.0	0.0
038711	10	81	15	0.0	7.009
038711	10	82	0	0.0	0.0
038733	10	10	99	47.368	43.421
038733	10	8	110	52.632	48.246
038733	10	80	0	0.0	0.0
038733	10	81	19	0.0	8.333
038733	10	82	0	0.0	0.0
038742	10	10	96	40.336	38.4
038742	10	8	142	59.664	56.8
038742	10	80	1	0.0	0.4
038742	10	81	11	0.0	4.4
038742	10	82	0	0.0	0.0
038767	10	10	97	48.259	43.891
038767	10	8	104	51.741	47.059
038767	10	80	1	0.0	0.452
038767	10	81	19	0.0	8.597
038767	10	82	0	0.0	0.0
038771	10	10	102	52.308	48.113
038771	10	8	93	47.692	43.868
038771	10	80	1	0.0	0.472
038771	10	81	16	0.0	7.547
038771	10	82	0	0.0	0.0
038790	10	10	91	43.128	41.176
038790	10	8	120	56.872	54.299
038790	10	80	0	0.0	0.0
038790	10	81	10	0.0	4.525
038790	10	82	0	0.0	0.0
038807	10	10	98	50.777	47.805
038807	10	8	95	49.223	46.341
038807	10	80	3	0.0	1.463
038807	10	81	9	0.0	4.39
038807	10	82	0	0.0	0.0
038872	10	10	65	27.083	27.083
038872	10	8	175	72.917	72.917
038872	10	80	0	0.0	0.0
038872	10	81	0	0.0	0.0
038872	10	82	0	0.0	0.0
038893	10	10	52	23.636	22.414
038893	10	8	167	75.909	71.983
038893	10	80	0	0.0	0.0
038893	10	81	12	0.0	5.172
038893	10	82	1	0.0	0.431
038915	10	10	78	33.913	33.766
038915	10	8	152	66.087	65.801
038915	10	80	1	0.0	0.433
038915	10	81	0	0.0	0.0
038915	10	82	0	0.0	0.0
038926	10	10	68	29.31	28.099
038926	10	8	163	70.259	67.355
038926	10	80	2	0.0	0.826
038926	10	81	8	0.0	3.306
038926	10	82	1	0.0	0.413
038960	10	10	58	25.551	24.473
038960	10	8	168	74.009	70.886
038960	10	80	3	0.0	1.266
038960	10	81	7	0.0	2.954
038960	10	82	1	0.0	0.422
039063	10	10	79	33.475	31.855
039063	10	8	156	66.102	62.903
039063	10	80	0	0.0	0.0
039063	10	81	12	0.0	4.839
039063	10	82	1	0.0	0.403
039077	10	10	73	31.197	29.317
039077	10	8	160	68.376	64.257
039077	10	80	2	0.0	0.803
039077	10	81	13	0.0	5.221
039077	10	82	1	0.0	0.402
039132	10	10	63	30.583	27.632
039132	10	8	143	69.417	62.719
039132	10	80	0	0.0	0.0
039132	10	81	22	0.0	9.649
039132	10	82	0	0.0	0.0
039261	10	10	108	41.699	39.852
039261	10	8	151	58.301	55.72
039261	10	80	0	0.0	0.0
039261	10	81	12	0.0	4.428
039261	10	82	0	0.0	0.0
039286	10	10	100	45.249	33.333
039286	10	8	121	54.751	40.333
039286	10	80	63	0.0	21.0
039286	10	81	16	0.0	5.333
039286	10	82	0	0.0	0.0
039313	10	10	104	43.515	40.945
039313	10	8	135	56.485	53.15
039313	10	80	0	0.0	0.0
039313	10	81	15	0.0	5.906
039313	10	82	0	0.0	0.0
039339	10	10	90	37.657	35.857
039339	10	8	149	62.343	59.363
039339	10	80	0	0.0	0.0
039339	10	81	12	0.0	4.781
039339	10	82	0	0.0	0.0
039344	10	10	103	52.02	49.519
039344	10	8	95	47.98	45.673
039344	10	80	3	0.0	1.442
039344	10	81	7	0.0	3.365
039344	10	82	0	0.0	0.0
039351	10	10	62	38.272	20.667
039351	10	8	100	61.728	33.333
039351	10	80	87	0.0	29.0
039351	10	81	51	0.0	17.0
039351	10	82	0	0.0	0.0
039352	10	10	107	51.942	48.636
039352	10	8	99	48.058	45.0
039352	10	80	0	0.0	0.0
039352	10	81	14	0.0	6.364
039352	10	82	0	0.0	0.0
039357	10	10	97	48.259	32.333
039357	10	8	104	51.741	34.667
039357	10	80	87	0.0	29.0
039357	10	81	12	0.0	4.0
039357	10	82	0	0.0	0.0
039410	10	10	192	60.568	57.485
039410	10	8	125	39.432	37.425
039410	10	80	1	0.0	0.299
039410	10	81	16	0.0	4.79
039410	10	82	0	0.0	0.0
039474	10	10	84	35.897	33.6
039474	10	8	149	63.675	59.6
039474	10	80	2	0.0	0.8
039474	10	81	14	0.0	5.6
039474	10	82	1	0.0	0.4
039501	10	10	56	33.735	30.939
039501	10	8	109	65.663	60.221
039501	10	80	2	0.0	1.105
039501	10	81	13	0.0	7.182
039501	10	82	1	0.0	0.552
039546	10	10	90	44.118	40.0
039546	10	8	110	53.922	48.889
039546	10	80	0	0.0	0.0
039546	10	81	21	0.0	9.333
039546	10	82	4	0.0	1.778
039594	10	10	100	46.296	43.668
039594	10	8	115	53.241	50.218
039594	10	80	0	0.0	0.0
039594	10	81	13	0.0	5.677
039594	10	82	1	0.0	0.437
039709	10	10	96	48.0	32.0
039709	10	8	104	52.0	34.667
039709	10	80	84	0.0	28.0
039709	10	81	16	0.0	5.333
039709	10	82	0	0.0	0.0
039763	10	10	108	51.923	36.0
039763	10	8	100	48.077	33.333
039763	10	80	75	0.0	25.0
039763	10	81	17	0.0	5.667
039763	10	82	0	0.0	0.0
039900	10	10	102	42.149	39.689
039900	10	8	140	57.851	54.475
039900	10	80	1	0.0	0.389
039900	10	81	14	0.0	5.447
039900	10	82	0	0.0	0.0
039921	10	10	102	42.678	34.343
039921	10	8	137	57.322	46.128
039921	10	80	45	0.0	15.152
039921	10	81	13	0.0	4.377
039921	10	82	0	0.0	0.0
039964	10	10	89	42.381	39.732
039964	10	8	121	57.619	54.018
039964	10	80	2	0.0	0.893
039964	10	81	12	0.0	5.357
039964	10	82	0	0.0	0.0
040098	10	10	93	32.292	31.104
040098	10	8	128	44.444	42.809
040098	10	80	1	0.0	0.334
040098	10	81	10	0.0	3.344
040098	10	82	67	0.0	22.408
040122	10	10	81	33.061	31.274
040122	10	8	163	66.531	62.934
040122	10	80	0	0.0	0.0
040122	10	81	14	0.0	5.405
040122	10	82	1	0.0	0.386
040157	10	10	96	41.921	39.669
040157	10	8	132	57.642	54.545
040157	10	80	1	0.0	0.413
040157	10	81	12	0.0	4.959
040157	10	82	1	0.0	0.413
040198	10	10	96	42.478	32.107
040198	10	8	130	57.522	43.478
040198	10	80	55	0.0	18.395
040198	10	81	18	0.0	6.02
040198	10	82	0	0.0	0.0
040267	10	10	78	31.325	29.885
040267	10	8	171	68.675	65.517
040267	10	80	2	0.0	0.766
040267	10	81	10	0.0	3.831
040267	10	82	0	0.0	0.0
040274	10	10	77	33.333	30.924
040274	10	8	154	66.667	61.847
040274	10	80	0	0.0	0.0
040274	10	81	18	0.0	7.229
040274	10	82	0	0.0	0.0
040285	10	10	91	38.889	30.435
040285	10	8	143	61.111	47.826
040285	10	80	50	0.0	16.722
040285	10	81	15	0.0	5.017
040285	10	82	0	0.0	0.0
040316	10	10	84	35.745	28.094
040316	10	8	151	64.255	50.502
040316	10	80	54	0.0	18.06
040316	10	81	10	0.0	3.344
040316	10	82	0	0.0	0.0
040401	10	10	105	39.924	38.745
040401	10	8	158	60.076	58.303
040401	10	80	1	0.0	0.369
040401	10	81	7	0.0	2.583
040401	10	82	0	0.0	0.0
040402	10	10	83	41.089	38.073
040402	10	8	119	58.911	54.587
040402	10	80	5	0.0	2.294
040402	10	81	11	0.0	5.046
040402	10	82	0	0.0	0.0
040487	10	10	84	41.791	38.71
040487	10	8	117	58.209	53.917
040487	10	80	2	0.0	0.922
040487	10	81	14	0.0	6.452
040487	10	82	0	0.0	0.0
040515	10	10	90	40.909	38.627
040515	10	8	130	59.091	55.794
040515	10	80	0	0.0	0.0
040515	10	81	13	0.0	5.579
040515	10	82	0	0.0	0.0
040517	10	10	84	38.009	35.897
040517	10	8	137	61.991	58.547
040517	10	80	1	0.0	0.427
040517	10	81	12	0.0	5.128
040517	10	82	0	0.0	0.0
040578	10	10	83	37.557	35.776
040578	10	8	138	62.443	59.483
040578	10	80	3	0.0	1.293
040578	10	81	8	0.0	3.448
040578	10	82	0	0.0	0.0
040747	10	10	74	34.742	31.76
040747	10	8	138	64.789	59.227
040747	10	80	1	0.0	0.429
040747	10	81	19	0.0	8.155
040747	10	82	1	0.0	0.429
040773	10	10	70	36.458	33.816
040773	10	8	122	63.542	58.937
040773	10	80	2	0.0	0.966
040773	10	81	13	0.0	6.28
040773	10	82	0	0.0	0.0
040779	10	10	76	39.175	36.538
040779	10	8	118	60.825	56.731
040779	10	80	0	0.0	0.0
040779	10	81	14	0.0	6.731
040779	10	82	0	0.0	0.0
040788	10	10	91	37.295	30.435
040788	10	8	153	62.705	51.171
040788	10	80	37	0.0	12.375
040788	10	81	18	0.0	6.02
040788	10	82	0	0.0	0.0
040796	10	10	90	38.961	36.585
040796	10	8	141	61.039	57.317
040796	10	80	2	0.0	0.813
040796	10	81	13	0.0	5.285
040796	10	82	0	0.0	0.0
040806	10	10	102	40.0	38.202
040806	10	8	152	59.608	56.929
040806	10	80	2	0.0	0.749
040806	10	81	10	0.0	3.745
040806	10	82	1	0.0	0.375
040815	10	10	71	33.491	31.416
040815	10	8	141	66.509	62.389
040815	10	80	2	0.0	0.885
040815	10	81	12	0.0	5.31
040815	10	82	0	0.0	0.0
040933	10	10	120	50.42	47.809
040933	10	8	118	49.58	47.012
040933	10	80	1	0.0	0.398
040933	10	81	12	0.0	4.781
040933	10	82	0	0.0	0.0
040942	10	10	77	31.818	31.048
040942	10	8	158	65.289	63.71
040942	10	80	3	0.0	1.21
040942	10	81	3	0.0	1.21
040942	10	82	7	0.0	2.823
040987	10	10	85	38.991	36.481
040987	10	8	132	60.55	56.652
040987	10	80	0	0.0	0.0
040987	10	81	15	0.0	6.438
040987	10	82	1	0.0	0.429
041008	10	10	81	37.674	36.818
041008	10	8	129	60.0	58.636
041008	10	80	0	0.0	0.0
041008	10	81	5	0.0	2.273
041008	10	82	5	0.0	2.273
041009	10	10	91	39.912	37.143
041009	10	8	137	60.088	55.918
041009	10	80	2	0.0	0.816
041009	10	81	15	0.0	6.122
041009	10	82	0	0.0	0.0
041012	10	10	76	34.234	25.418
041012	10	8	146	65.766	48.829
041012	10	80	66	0.0	22.074
041012	10	81	11	0.0	3.679
041012	10	82	0	0.0	0.0
041013	10	10	80	36.866	26.756
041013	10	8	137	63.134	45.819
041013	10	80	63	0.0	21.07
041013	10	81	19	0.0	6.355
041013	10	82	0	0.0	0.0
041079	10	10	94	36.154	36.154
041079	10	8	151	58.077	58.077
041079	10	80	0	0.0	0.0
041079	10	81	0	0.0	0.0
041079	10	82	15	0.0	5.769
041152	10	10	75	36.408	33.937
041152	10	8	131	63.592	59.276
041152	10	80	1	0.0	0.452
041152	10	81	14	0.0	6.335
041152	10	82	0	0.0	0.0
041182	10	10	76	34.545	25.418
041182	10	8	144	65.455	48.161
041182	10	80	76	0.0	25.418
041182	10	81	3	0.0	1.003
041182	10	82	0	0.0	0.0
041276	10	10	71	24.567	23.746
041276	10	8	128	44.291	42.809
041276	10	80	1	0.0	0.334
041276	10	81	9	0.0	3.01
041276	10	82	90	0.0	30.1
041309	10	10	65	29.545	28.761
041309	10	8	154	70.0	68.142
041309	10	80	1	0.0	0.442
041309	10	81	5	0.0	2.212
041309	10	82	1	0.0	0.442
041314	10	10	76	36.893	35.023
041314	10	8	130	63.107	59.908
041314	10	80	3	0.0	1.382
041314	10	81	8	0.0	3.687
041314	10	82	0	0.0	0.0
041360	10	10	72	37.895	35.821
041360	10	8	118	62.105	58.706
041360	10	80	0	0.0	0.0
041360	10	81	11	0.0	5.473
041360	10	82	0	0.0	0.0
041390	10	10	97	46.635	32.441
041390	10	8	111	53.365	37.124
041390	10	80	82	0.0	27.425
041390	10	81	9	0.0	3.01
041390	10	82	0	0.0	0.0
041438	10	10	91	43.333	41.176
041438	10	8	119	56.667	53.846
041438	10	80	0	0.0	0.0
041438	10	81	11	0.0	4.977
041438	10	82	0	0.0	0.0
041570	10	10	99	42.128	38.824
041570	10	8	136	57.872	53.333
041570	10	80	0	0.0	0.0
041570	10	81	20	0.0	7.843
041570	10	82	0	0.0	0.0
041635	10	10	46	19.167	18.182
041635	10	8	193	80.417	76.285
041635	10	80	1	0.0	0.395
041635	10	81	12	0.0	4.743
041635	10	82	1	0.0	0.395
041637	10	10	67	26.172	25.188
041637	10	8	189	73.828	71.053
041637	10	80	0	0.0	0.0
041637	10	81	10	0.0	3.759
041637	10	82	0	0.0	0.0
041657	10	10	62	29.952	28.311
041657	10	8	145	70.048	66.21
041657	10	80	0	0.0	0.0
041657	10	81	12	0.0	5.479
041657	10	82	0	0.0	0.0
041694	10	10	70	31.111	23.411
041694	10	8	155	68.889	51.839
041694	10	80	57	0.0	19.064
041694	10	81	17	0.0	5.686
041694	10	82	0	0.0	0.0
041701	10	10	78	32.5	29.885
041701	10	8	162	67.5	62.069
041701	10	80	0	0.0	0.0
041701	10	81	21	0.0	8.046
041701	10	82	0	0.0	0.0
041707	10	10	76	32.203	30.04
041707	10	8	160	67.797	63.241
041707	10	80	2	0.0	0.791
041707	10	81	15	0.0	5.929
041707	10	82	0	0.0	0.0
041760	10	10	60	25.974	25.0
041760	10	8	169	73.16	70.417
041760	10	80	0	0.0	0.0
041760	10	81	9	0.0	3.75
041760	10	82	2	0.0	0.833
041828	10	10	77	33.921	32.218
041828	10	8	150	66.079	62.762
041828	10	80	2	0.0	0.837
041828	10	81	10	0.0	4.184
041828	10	82	0	0.0	0.0
041864	10	10	78	32.773	30.469
041864	10	8	156	65.546	60.938
041864	10	80	2	0.0	0.781
041864	10	81	16	0.0	6.25
041864	10	82	4	0.0	1.563
041896	10	10	68	33.01	30.769
041896	10	8	135	65.534	61.086
041896	10	80	1	0.0	0.452
041896	10	81	14	0.0	6.335
041896	10	82	3	0.0	1.357
041913	10	10	41	19.34	19.07
041913	10	8	171	80.66	79.535
041913	10	80	3	0.0	1.395
041913	10	81	0	0.0	0.0
041913	10	82	0	0.0	0.0
041915	10	10	56	25.225	18.729
041915	10	8	166	74.775	55.518
041915	10	80	70	0.0	23.411
041915	10	81	7	0.0	2.341
041915	10	82	0	0.0	0.0
041921	10	10	60	27.027	25.21
041921	10	8	161	72.523	67.647
041921	10	80	2	0.0	0.84
041921	10	81	14	0.0	5.882
041921	10	82	1	0.0	0.42
041950	10	10	64	26.337	21.405
041950	10	8	179	73.663	59.866
041950	10	80	47	0.0	15.719
041950	10	81	9	0.0	3.01
041950	10	82	0	0.0	0.0
041972	10	10	64	23.704	21.843
041972	10	8	206	76.296	70.307
041972	10	80	10	0.0	3.413
041972	10	81	13	0.0	4.437
041972	10	82	0	0.0	0.0
041991	10	10	72	34.123	24.08
041991	10	8	139	65.877	46.488
041991	10	80	74	0.0	24.749
041991	10	81	14	0.0	4.682
041991	10	82	0	0.0	0.0
042014	10	10	53	23.144	22.65
042014	10	8	171	74.672	73.077
042014	10	80	0	0.0	0.0
042014	10	81	5	0.0	2.137
042014	10	82	5	0.0	2.137
042026	10	10	57	26.027	24.891
042026	10	8	162	73.973	70.742
042026	10	80	0	0.0	0.0
042026	10	81	10	0.0	4.367
042026	10	82	0	0.0	0.0
042036	10	10	86	38.053	36.134
042036	10	8	140	61.947	58.824
042036	10	80	1	0.0	0.42
042036	10	81	11	0.0	4.622
042036	10	82	0	0.0	0.0
042039	10	10	79	34.802	26.421
042039	10	8	148	65.198	49.498
042039	10	80	60	0.0	20.067
042039	10	81	12	0.0	4.013
042039	10	82	0	0.0	0.0
042051	10	10	78	34.667	32.099
042051	10	8	147	65.333	60.494
042051	10	80	2	0.0	0.823
042051	10	81	16	0.0	6.584
042051	10	82	0	0.0	0.0
042101	10	10	79	30.153	28.417
042101	10	8	183	69.847	65.827
042101	10	80	2	0.0	0.719
042101	10	81	14	0.0	5.036
042101	10	82	0	0.0	0.0
042104	10	10	56	22.311	18.729
042104	10	8	195	77.689	65.217
042104	10	80	28	0.0	9.365
042104	10	81	20	0.0	6.689
042104	10	82	0	0.0	0.0
042110	10	10	69	28.279	26.437
042110	10	8	173	70.902	66.284
042110	10	80	0	0.0	0.0
042110	10	81	17	0.0	6.513
042110	10	82	2	0.0	0.766
042130	10	10	92	39.149	36.508
042130	10	8	142	60.426	56.349
042130	10	80	2	0.0	0.794
042130	10	81	15	0.0	5.952
042130	10	82	1	0.0	0.397
042175	10	10	74	30.833	24.749
042175	10	8	166	69.167	55.518
042175	10	80	42	0.0	14.047
042175	10	81	17	0.0	5.686
042175	10	82	0	0.0	0.0
042194	10	10	60	25.641	24.39
042194	10	8	174	74.359	70.732
042194	10	80	0	0.0	0.0
042194	10	81	12	0.0	4.878
042194	10	82	0	0.0	0.0
042249	10	10	76	30.894	29.344
042249	10	8	170	69.106	65.637
042249	10	80	4	0.0	1.544
042249	10	81	9	0.0	3.475
042249	10	82	0	0.0	0.0
042251	10	10	53	26.368	24.091
042251	10	8	147	73.134	66.818
042251	10	80	1	0.0	0.455
042251	10	81	18	0.0	8.182
042251	10	82	1	0.0	0.455
042254	10	10	56	26.415	24.889
042254	10	8	156	73.585	69.333
042254	10	80	0	0.0	0.0
042254	10	81	13	0.0	5.778
042254	10	82	0	0.0	0.0
042270	10	10	68	32.227	30.631
042270	10	8	142	67.299	63.964
042270	10	80	3	0.0	1.351
042270	10	81	8	0.0	3.604
042270	10	82	1	0.0	0.45
042295	10	10	68	34.171	32.227
042295	10	8	131	65.829	62.085
042295	10	80	0	0.0	0.0
042295	10	81	12	0.0	5.687
042295	10	82	0	0.0	0.0
042318	10	10	54	26.214	24.885
042318	10	8	152	73.786	70.046
042318	10	80	1	0.0	0.461
042318	10	81	10	0.0	4.608
042318	10	82	0	0.0	0.0
042383	10	10	52	23.636	21.941
042383	10	8	167	75.909	70.464
042383	10	80	4	0.0	1.688
042383	10	81	13	0.0	5.485
042383	10	82	1	0.0	0.422
042413	10	10	60	28.037	26.667
042413	10	8	153	71.495	68.0
042413	10	80	0	0.0	0.0
042413	10	81	11	0.0	4.889
042413	10	82	1	0.0	0.444
042440	10	10	47	22.275	20.614
042440	10	8	164	77.725	71.93
042440	10	80	0	0.0	0.0
042440	10	81	17	0.0	7.456
042440	10	82	0	0.0	0.0
042446	10	10	56	25.571	24.779
042446	10	8	161	73.516	71.239
042446	10	80	0	0.0	0.0
042446	10	81	7	0.0	3.097
042446	10	82	2	0.0	0.885
042489	10	10	67	34.896	22.408
042489	10	8	125	65.104	41.806
042489	10	80	101	0.0	33.779
042489	10	81	6	0.0	2.007
042489	10	82	0	0.0	0.0
042505	10	10	73	25.524	24.415
042505	10	8	149	52.098	49.833
042505	10	80	1	0.0	0.334
042505	10	81	12	0.0	4.013
042505	10	82	64	0.0	21.405
042508	10	10	76	33.778	32.759
042508	10	8	149	66.222	64.224
042508	10	80	0	0.0	0.0
042508	10	81	7	0.0	3.017
042508	10	82	0	0.0	0.0
042553	10	10	85	36.797	34.694
042553	10	8	146	63.203	59.592
042553	10	80	6	0.0	2.449
042553	10	81	8	0.0	3.265
042553	10	82	0	0.0	0.0
042562	10	10	86	38.222	36.441
042562	10	8	139	61.778	58.898
042562	10	80	0	0.0	0.0
042562	10	81	11	0.0	4.661
042562	10	82	0	0.0	0.0
042568	10	10	56	27.317	25.225
042568	10	8	148	72.195	66.667
042568	10	80	2	0.0	0.901
042568	10	81	15	0.0	6.757
042568	10	82	1	0.0	0.45
042569	10	10	73	35.61	32.444
042569	10	8	130	63.415	57.778
042569	10	80	3	0.0	1.333
042569	10	81	17	0.0	7.556
042569	10	82	2	0.0	0.889
042570	10	10	70	30.837	29.412
042570	10	8	156	68.722	65.546
042570	10	80	0	0.0	0.0
042570	10	81	11	0.0	4.622
042570	10	82	1	0.0	0.42
042619	10	10	58	24.167	19.398
042619	10	8	182	75.833	60.87
042619	10	80	43	0.0	14.381
042619	10	81	16	0.0	5.351
042619	10	82	0	0.0	0.0
042627	10	10	91	35.827	32.5
042627	10	8	162	63.78	57.857
042627	10	80	1	0.0	0.357
042627	10	81	25	0.0	8.929
042627	10	82	1	0.0	0.357
042628	10	10	88	33.083	31.541
042628	10	8	177	66.541	63.441
042628	10	80	0	0.0	0.0
042628	10	81	13	0.0	4.659
042628	10	82	1	0.0	0.358
042629	10	10	85	34.274	32.197
042629	10	8	162	65.323	61.364
042629	10	80	1	0.0	0.379
042629	10	81	15	0.0	5.682
042629	10	82	1	0.0	0.379
042675	10	10	60	26.432	25.424
042675	10	8	167	73.568	70.763
042675	10	80	0	0.0	0.0
042675	10	81	9	0.0	3.814
042675	10	82	0	0.0	0.0
042687	10	10	68	30.357	22.742
042687	10	8	156	69.643	52.174
042687	10	80	71	0.0	23.746
042687	10	81	4	0.0	1.338
042687	10	82	0	0.0	0.0
042774	10	10	57	28.358	24.891
042774	10	8	144	71.642	62.882
042774	10	80	0	0.0	0.0
042774	10	81	28	0.0	12.227
042774	10	82	0	0.0	0.0
042778	10	10	61	31.122	28.372
042778	10	8	135	68.878	62.791
042778	10	80	1	0.0	0.465
042778	10	81	18	0.0	8.372
042778	10	82	0	0.0	0.0
042794	10	10	75	35.047	33.186
042794	10	8	139	64.953	61.504
042794	10	80	3	0.0	1.327
042794	10	81	9	0.0	3.982
042794	10	82	0	0.0	0.0
042825	10	10	78	33.913	32.5
042825	10	8	152	66.087	63.333
042825	10	80	1	0.0	0.417
042825	10	81	9	0.0	3.75
042825	10	82	0	0.0	0.0
042903	10	10	77	35.0	33.047
042903	10	8	143	65.0	61.373
042903	10	80	2	0.0	0.858
042903	10	81	11	0.0	4.721
042903	10	82	0	0.0	0.0
042908	10	10	60	28.436	20.067
042908	10	8	151	71.564	50.502
042908	10	80	73	0.0	24.415
042908	10	81	15	0.0	5.017
042908	10	82	0	0.0	0.0
042909	10	10	56	26.794	26.168
042909	10	8	150	71.77	70.093
042909	10	80	1	0.0	0.467
042909	10	81	4	0.0	1.869
042909	10	82	3	0.0	1.402
042946	10	10	71	31.004	28.514
042946	10	8	157	68.559	63.052
042946	10	80	0	0.0	0.0
042946	10	81	20	0.0	8.032
042946	10	82	1	0.0	0.402
042979	10	10	96	43.439	41.558
042979	10	8	125	56.561	54.113
042979	10	80	0	0.0	0.0
042979	10	81	10	0.0	4.329
042979	10	82	0	0.0	0.0
042995	10	10	66	30.556	28.448
042995	10	8	149	68.981	64.224
042995	10	80	2	0.0	0.862
042995	10	81	14	0.0	6.034
042995	10	82	1	0.0	0.431
043075	10	10	101	40.4	37.828
043075	10	8	148	59.2	55.431
043075	10	80	2	0.0	0.749
043075	10	81	15	0.0	5.618
043075	10	82	1	0.0	0.375
043146	10	10	82	40.394	27.425
043146	10	8	121	59.606	40.468
043146	10	80	81	0.0	27.09
043146	10	81	15	0.0	5.017
043146	10	82	0	0.0	0.0
043147	10	10	73	35.784	24.415
043147	10	8	131	64.216	43.813
043147	10	80	87	0.0	29.097
043147	10	81	8	0.0	2.676
043147	10	82	0	0.0	0.0
043163	10	10	44	21.256	14.716
043163	10	8	163	78.744	54.515
043163	10	80	84	0.0	28.094
043163	10	81	8	0.0	2.676
043163	10	82	0	0.0	0.0
043247	10	10	71	34.135	33.178
043247	10	8	137	65.865	64.019
043247	10	80	1	0.0	0.467
043247	10	81	5	0.0	2.336
043247	10	82	0	0.0	0.0
043251	10	10	63	31.818	29.717
043251	10	8	134	67.677	63.208
043251	10	80	2	0.0	0.943
043251	10	81	12	0.0	5.66
043251	10	82	1	0.0	0.472
043282	10	10	85	32.692	31.022
043282	10	8	174	66.923	63.504
043282	10	80	2	0.0	0.73
043282	10	81	12	0.0	4.38
043282	10	82	1	0.0	0.365
043291	10	10	80	31.496	29.091
043291	10	8	174	68.504	63.273
043291	10	80	0	0.0	0.0
043291	10	81	21	0.0	7.636
043291	10	82	0	0.0	0.0
043312	10	10	50	22.222	21.368
043312	10	8	175	77.778	74.786
043312	10	80	0	0.0	0.0
043312	10	81	9	0.0	3.846
043312	10	82	0	0.0	0.0
043325	10	10	98	39.044	37.121
043325	10	8	153	60.956	57.955
043325	10	80	1	0.0	0.379
043325	10	81	12	0.0	4.545
043325	10	82	0	0.0	0.0
043504	10	10	64	30.189	29.907
043504	10	8	148	69.811	69.159
043504	10	80	2	0.0	0.935
043504	10	81	0	0.0	0.0
043504	10	82	0	0.0	0.0
043505	10	10	65	30.66	28.761
043505	10	8	147	69.34	65.044
043505	10	80	2	0.0	0.885
043505	10	81	12	0.0	5.31
043505	10	82	0	0.0	0.0
043574	10	10	62	26.957	25.203
043574	10	8	167	72.609	67.886
043574	10	80	1	0.0	0.407
043574	10	81	15	0.0	6.098
043574	10	82	1	0.0	0.407
043575	10	10	60	25.641	24.39
043575	10	8	173	73.932	70.325
043575	10	80	1	0.0	0.407
043575	10	81	11	0.0	4.472
043575	10	82	1	0.0	0.407
043628	10	10	46	22.222	20.909
043628	10	8	160	77.295	72.727
043628	10	80	0	0.0	0.0
043628	10	81	13	0.0	5.909
043628	10	82	1	0.0	0.455
043711	10	10	57	29.082	27.536
043711	10	8	139	70.918	67.15
043711	10	80	0	0.0	0.0
043711	10	81	11	0.0	5.314
043711	10	82	0	0.0	0.0
043735	10	10	67	30.876	29.386
043735	10	8	150	69.124	65.789
043735	10	80	3	0.0	1.316
043735	10	81	8	0.0	3.509
043735	10	82	0	0.0	0.0
043743	10	10	53	22.944	21.457
043743	10	8	177	76.623	71.66
043743	10	80	1	0.0	0.405
043743	10	81	15	0.0	6.073
043743	10	82	1	0.0	0.405
043757	10	10	56	24.138	22.581
043757	10	8	176	75.862	70.968
043757	10	80	0	0.0	0.0
043757	10	81	16	0.0	6.452
043757	10	82	0	0.0	0.0
043770	10	10	59	100.0	84.286
043770	10	8	0	0.0	0.0
043770	10	80	0	0.0	0.0
043770	10	81	11	0.0	15.714
043770	10	82	0	0.0	0.0
043778	10	10	66	33.166	28.448
043778	10	8	133	66.834	57.328
043778	10	80	2	0.0	0.862
043778	10	81	31	0.0	13.362
043778	10	82	0	0.0	0.0
043813	10	10	65	31.401	29.68
043813	10	8	140	67.633	63.927
043813	10	80	1	0.0	0.457
043813	10	81	11	0.0	5.023
043813	10	82	2	0.0	0.913
043819	10	10	69	32.394	30.531
043819	10	8	142	66.667	62.832
043819	10	80	1	0.0	0.442
043819	10	81	12	0.0	5.31
043819	10	82	2	0.0	0.885
043842	10	10	62	29.524	27.313
043842	10	8	147	70.0	64.758
043842	10	80	2	0.0	0.881
043842	10	81	15	0.0	6.608
043842	10	82	1	0.0	0.441
043856	10	10	66	30.556	28.821
043856	10	8	148	68.519	64.629
043856	10	80	0	0.0	0.0
043856	10	81	13	0.0	5.677
043856	10	82	2	0.0	0.873
043859	10	10	78	32.773	31.325
043859	10	8	159	66.807	63.855
043859	10	80	1	0.0	0.402
043859	10	81	10	0.0	4.016
043859	10	82	1	0.0	0.402
043945	10	10	62	29.808	29.665
043945	10	8	146	70.192	69.856
043945	10	80	1	0.0	0.478
043945	10	81	0	0.0	0.0
043945	10	82	0	0.0	0.0
043951	10	10	62	29.665	28.182
043951	10	8	147	70.335	66.818
043951	10	80	0	0.0	0.0
043951	10	81	11	0.0	5.0
043951	10	82	0	0.0	0.0
043973	10	10	55	27.094	18.333
043973	10	8	148	72.906	49.333
043973	10	80	80	0.0	26.667
043973	10	81	17	0.0	5.667
043973	10	82	0	0.0	0.0
044002	10	10	68	31.776	29.956
044002	10	8	143	66.822	62.996
044002	10	80	1	0.0	0.441
044002	10	81	12	0.0	5.286
044002	10	82	3	0.0	1.322
044004	10	10	79	29.478	27.431
044004	10	8	189	70.522	65.625
044004	10	80	4	0.0	1.389
044004	10	81	16	0.0	5.556
044004	10	82	0	0.0	0.0
044046	10	10	87	43.069	41.232
044046	10	8	114	56.436	54.028
044046	10	80	1	0.0	0.474
044046	10	81	8	0.0	3.791
044046	10	82	1	0.0	0.474
044299	10	10	108	46.552	46.552
044299	10	8	115	49.569	49.569
044299	10	80	0	0.0	0.0
044299	10	81	0	0.0	0.0
044299	10	82	9	0.0	3.879
044337	10	10	91	49.189	40.625
044337	10	8	94	50.811	41.964
044337	10	80	3	0.0	1.339
044337	10	81	36	0.0	16.071
044337	10	82	0	0.0	0.0
044598	10	10	87	36.402	34.661
044598	10	8	152	63.598	60.558
044598	10	80	0	0.0	0.0
044598	10	81	12	0.0	4.781
044598	10	82	0	0.0	0.0
044619	10	10	100	42.373	39.526
044619	10	8	136	57.627	53.755
044619	10	80	2	0.0	0.791
044619	10	81	15	0.0	5.929
044619	10	82	0	0.0	0.0
044646	10	10	77	35.981	33.333
044646	10	8	137	64.019	59.307
044646	10	80	1	0.0	0.433
044646	10	81	16	0.0	6.926
044646	10	82	0	0.0	0.0
044773	10	10	70	29.412	28.455
044773	10	8	168	70.588	68.293
044773	10	80	1	0.0	0.407
044773	10	81	7	0.0	2.846
044773	10	82	0	0.0	0.0
044853	10	10	47	22.066	15.986
044853	10	8	166	77.934	56.463
044853	10	80	64	0.0	21.769
044853	10	81	17	0.0	5.782
044853	10	82	0	0.0	0.0
044855	10	10	61	27.354	27.111
044855	10	8	149	66.816	66.222
044855	10	80	1	0.0	0.444
044855	10	81	1	0.0	0.444
044855	10	82	13	0.0	5.778
044864	10	10	60	30.928	28.986
044864	10	8	134	69.072	64.734
044864	10	80	1	0.0	0.483
044864	10	81	12	0.0	5.797
044864	10	82	0	0.0	0.0
044868	10	10	46	22.33	20.721
044868	10	8	156	75.728	70.27
044868	10	80	1	0.0	0.45
044868	10	81	15	0.0	6.757
044868	10	82	4	0.0	1.802
044877	10	10	54	27.136	25.234
044877	10	8	144	72.362	67.29
044877	10	80	0	0.0	0.0
044877	10	81	15	0.0	7.009
044877	10	82	1	0.0	0.467
044897	10	10	35	14.228	13.06
044897	10	8	211	85.772	78.731
044897	10	80	0	0.0	0.0
044897	10	81	22	0.0	8.209
044897	10	82	0	0.0	0.0
044905	10	10	45	21.226	20.455
044905	10	8	167	78.774	75.909
044905	10	80	1	0.0	0.455
044905	10	81	7	0.0	3.182
044905	10	82	0	0.0	0.0
044927	10	10	49	23.786	22.685
044927	10	8	156	75.728	72.222
044927	10	80	2	0.0	0.926
044927	10	81	8	0.0	3.704
044927	10	82	1	0.0	0.463
044940	10	10	0	0.0	0.0
044940	10	8	0	0.0	0.0
044940	10	80	0	0.0	0.0
044940	10	81	0	0.0	0.0
044940	10	82	0	0.0	0.0
044944	10	10	59	26.941	25.652
044944	10	8	160	73.059	69.565
044944	10	80	1	0.0	0.435
044944	10	81	10	0.0	4.348
044944	10	82	0	0.0	0.0
044975	10	10	55	24.229	22.822
044975	10	8	172	75.771	71.369
044975	10	80	4	0.0	1.66
044975	10	81	10	0.0	4.149
044975	10	82	0	0.0	0.0
045057	10	10	45	19.149	18.072
045057	10	8	189	80.426	75.904
045057	10	80	1	0.0	0.402
045057	10	81	13	0.0	5.221
045057	10	82	1	0.0	0.402
045072	10	10	41	18.386	17.227
045072	10	8	182	81.614	76.471
045072	10	80	1	0.0	0.42
045072	10	81	14	0.0	5.882
045072	10	82	0	0.0	0.0
045121	10	10	0	0.0	0.0
045121	10	8	145	100.0	92.357
045121	10	80	1	0.0	0.637
045121	10	81	11	0.0	7.006
045121	10	82	0	0.0	0.0
045129	10	10	46	25.843	24.599
045129	10	8	130	73.034	69.519
045129	10	80	0	0.0	0.0
045129	10	81	9	0.0	4.813
045129	10	82	2	0.0	1.07
045151	10	10	43	14.777	14.333
045151	10	8	152	52.234	50.667
045151	10	80	0	0.0	0.0
045151	10	81	9	0.0	3.0
045151	10	82	96	0.0	32.0
045296	10	10	27	17.532	16.564
045296	10	8	127	82.468	77.914
045296	10	80	0	0.0	0.0
045296	10	81	9	0.0	5.521
045296	10	82	0	0.0	0.0
045317	10	10	33	17.838	16.5
045317	10	8	152	82.162	76.0
045317	10	80	1	0.0	0.5
045317	10	81	14	0.0	7.0
045317	10	82	0	0.0	0.0
045357	10	10	40	20.305	13.333
045357	10	8	157	79.695	52.333
045357	10	80	89	0.0	29.667
045357	10	81	14	0.0	4.667
045357	10	82	0	0.0	0.0
045398	10	10	34	19.883	18.889
045398	10	8	136	79.532	75.556
045398	10	80	2	0.0	1.111
045398	10	81	7	0.0	3.889
045398	10	82	1	0.0	0.556
045407	10	10	37	18.5	17.703
045407	10	8	162	81.0	77.512
045407	10	80	0	0.0	0.0
045407	10	81	9	0.0	4.306
045407	10	82	1	0.0	0.478
045427	10	10	38	20.652	13.428
045427	10	8	146	79.348	51.59
045427	10	80	99	0.0	34.982
045427	10	81	0	0.0	0.0
045427	10	82	0	0.0	0.0
045438	10	10	43	21.287	20.574
045438	10	8	158	78.218	75.598
045438	10	80	0	0.0	0.0
045438	10	81	7	0.0	3.349
045438	10	82	1	0.0	0.478
045441	10	10	49	17.133	16.333
045441	10	8	151	52.797	50.333
045441	10	80	0	0.0	0.0
045441	10	81	14	0.0	4.667
045441	10	82	86	0.0	28.667
045453	10	10	34	17.347	16.505
045453	10	8	161	82.143	78.155
045453	10	80	1	0.0	0.485
045453	10	81	9	0.0	4.369
045453	10	82	1	0.0	0.485
045479	10	10	38	17.593	16.667
045479	10	8	177	81.944	77.632
045479	10	80	0	0.0	0.0
045479	10	81	12	0.0	5.263
045479	10	82	1	0.0	0.439
045483	10	10	29	14.573	14.428
045483	10	8	164	82.412	81.592
045483	10	80	0	0.0	0.0
045483	10	81	2	0.0	0.995
045483	10	82	6	0.0	2.985
045576	10	10	95	41.85	39.749
045576	10	8	132	58.15	55.23
045576	10	80	2	0.0	0.837
045576	10	81	10	0.0	4.184
045576	10	82	0	0.0	0.0
045589	10	10	89	40.826	36.929
045589	10	8	128	58.716	53.112
045589	10	80	0	0.0	0.0
045589	10	81	23	0.0	9.544
045589	10	82	1	0.0	0.415
045775	10	10	59	25.322	24.481
045775	10	8	173	74.249	71.784
045775	10	80	1	0.0	0.415
045775	10	81	7	0.0	2.905
045775	10	82	1	0.0	0.415
045806	10	10	44	20.561	19.048
045806	10	8	169	78.972	73.16
045806	10	80	1	0.0	0.433
045806	10	81	16	0.0	6.926
045806	10	82	1	0.0	0.433
045844	10	10	59	26.222	25.764
045844	10	8	166	73.778	72.489
045844	10	80	0	0.0	0.0
045844	10	81	4	0.0	1.747
045844	10	82	0	0.0	0.0
045881	10	10	58	26.364	25.551
045881	10	8	162	73.636	71.366
045881	10	80	1	0.0	0.441
045881	10	81	6	0.0	2.643
045881	10	82	0	0.0	0.0
045904	10	10	62	26.496	25.0
045904	10	8	170	72.65	68.548
045904	10	80	2	0.0	0.806
045904	10	81	12	0.0	4.839
045904	10	82	2	0.0	0.806
045943	10	10	59	25.0	23.413
045943	10	8	176	74.576	69.841
045943	10	80	0	0.0	0.0
045943	10	81	16	0.0	6.349
045943	10	82	1	0.0	0.397
045961	10	10	80	37.915	35.714
045961	10	8	130	61.611	58.036
045961	10	80	1	0.0	0.446
045961	10	81	12	0.0	5.357
045961	10	82	1	0.0	0.446
045984	10	10	59	27.315	24.79
045984	10	8	156	72.222	65.546
045984	10	80	2	0.0	0.84
045984	10	81	20	0.0	8.403
045984	10	82	1	0.0	0.42
045991	10	10	62	26.383	24.603
045991	10	8	171	72.766	67.857
045991	10	80	0	0.0	0.0
045991	10	81	17	0.0	6.746
045991	10	82	2	0.0	0.794
045995	10	10	56	24.242	23.333
045995	10	8	174	75.325	72.5
045995	10	80	0	0.0	0.0
045995	10	81	9	0.0	3.75
045995	10	82	1	0.0	0.417
046010	10	10	48	31.169	29.268
046010	10	8	105	68.182	64.024
046010	10	80	0	0.0	0.0
046010	10	81	10	0.0	6.098
046010	10	82	1	0.0	0.61
046067	10	10	66	31.731	22.0
046067	10	8	142	68.269	47.333
046067	10	80	82	0.0	27.333
046067	10	81	10	0.0	3.333
046067	10	82	0	0.0	0.0
046144	10	10	87	34.524	33.08
046144	10	8	164	65.079	62.357
046144	10	80	2	0.0	0.76
046144	10	81	9	0.0	3.422
046144	10	82	1	0.0	0.38
046153	10	10	65	34.031	31.863
046153	10	8	125	65.445	61.275
046153	10	80	5	0.0	2.451
046153	10	81	8	0.0	3.922
046153	10	82	1	0.0	0.49
046155	10	10	94	46.535	43.519
046155	10	8	108	53.465	50.0
046155	10	80	0	0.0	0.0
046155	10	81	14	0.0	6.481
046155	10	82	0	0.0	0.0
046283	10	10	84	39.437	36.522
046283	10	8	129	60.563	56.087
046283	10	80	0	0.0	0.0
046283	10	81	17	0.0	7.391
046283	10	82	0	0.0	0.0
046364	10	10	104	43.882	41.6
046364	10	8	133	56.118	53.2
046364	10	80	1	0.0	0.4
046364	10	81	12	0.0	4.8
046364	10	82	0	0.0	0.0
046383	10	10	113	43.969	41.852
046383	10	8	140	54.475	51.852
046383	10	80	1	0.0	0.37
046383	10	81	12	0.0	4.444
046383	10	82	4	0.0	1.481
046410	10	10	113	49.13	46.122
046410	10	8	117	50.87	47.755
046410	10	80	3	0.0	1.224
046410	10	81	12	0.0	4.898
046410	10	82	0	0.0	0.0
046440	10	10	79	35.426	33.333
046440	10	8	143	64.126	60.338
046440	10	80	1	0.0	0.422
046440	10	81	13	0.0	5.485
046440	10	82	1	0.0	0.422
046476	10	10	94	42.922	39.662
046476	10	8	125	57.078	52.743
046476	10	80	0	0.0	0.0
046476	10	81	18	0.0	7.595
046476	10	82	0	0.0	0.0
046554	10	10	113	39.51	39.373
046554	10	8	158	55.245	55.052
046554	10	80	1	0.0	0.348
046554	10	81	0	0.0	0.0
046554	10	82	15	0.0	5.226
046560	10	10	100	43.668	42.017
046560	10	8	129	56.332	54.202
046560	10	80	2	0.0	0.84
046560	10	81	7	0.0	2.941
046560	10	82	0	0.0	0.0
046629	10	10	83	27.946	26.948
046629	10	8	214	72.054	69.481
046629	10	80	0	0.0	0.0
046629	10	81	11	0.0	3.571
046629	10	82	0	0.0	0.0
046683	10	10	88	44.221	33.716
046683	10	8	111	55.779	42.529
046683	10	80	50	0.0	19.157
046683	10	81	12	0.0	4.598
046683	10	82	0	0.0	0.0
046743	10	10	83	39.524	37.727
046743	10	8	126	60.0	57.273
046743	10	80	0	0.0	0.0
046743	10	81	10	0.0	4.545
046743	10	82	1	0.0	0.455
046899	10	10	115	50.218	48.117
046899	10	8	113	49.345	47.28
046899	10	80	1	0.0	0.418
046899	10	81	9	0.0	3.766
046899	10	82	1	0.0	0.418
046976	10	10	85	42.714	28.333
046976	10	8	114	57.286	38.0
046976	10	80	80	0.0	26.667
046976	10	81	21	0.0	7.0
046976	10	82	0	0.0	0.0
047044	10	10	97	38.645	36.742
047044	10	8	154	61.355	58.333
047044	10	80	2	0.0	0.758
047044	10	81	11	0.0	4.167
047044	10	82	0	0.0	0.0
047096	10	10	83	38.967	36.564
047096	10	8	130	61.033	57.269
047096	10	80	2	0.0	0.881
047096	10	81	12	0.0	5.286
047096	10	82	0	0.0	0.0
047107	10	10	100	40.816	38.314
047107	10	8	145	59.184	55.556
047107	10	80	1	0.0	0.383
047107	10	81	15	0.0	5.747
047107	10	82	0	0.0	0.0
047108	10	10	73	32.018	24.333
047108	10	8	155	67.982	51.667
047108	10	80	49	0.0	16.333
047108	10	81	23	0.0	7.667
047108	10	82	0	0.0	0.0
047156	10	10	61	100.0	81.333
047156	10	8	0	0.0	0.0
047156	10	80	2	0.0	2.667
047156	10	81	12	0.0	16.0
047156	10	82	0	0.0	0.0
047197	10	10	101	39.608	37.687
047197	10	8	153	60.0	57.09
047197	10	80	1	0.0	0.373
047197	10	81	12	0.0	4.478
047197	10	82	1	0.0	0.373
047243	10	10	72	33.488	31.034
047243	10	8	140	65.116	60.345
047243	10	80	1	0.0	0.431
047243	10	81	16	0.0	6.897
047243	10	82	3	0.0	1.293
047269	10	10	70	31.25	30.568
047269	10	8	154	68.75	67.249
047269	10	80	2	0.0	0.873
047269	10	81	3	0.0	1.31
047269	10	82	0	0.0	0.0
047354	10	10	59	25.652	24.583
047354	10	8	166	72.174	69.167
047354	10	80	1	0.0	0.417
047354	10	81	9	0.0	3.75
047354	10	82	5	0.0	2.083
047410	10	10	65	16.169	15.7
047410	10	8	130	32.338	31.401
047410	10	80	2	0.0	0.483
047410	10	81	10	0.0	2.415
047410	10	82	207	0.0	50.0
047451	10	10	74	35.922	33.333
047451	10	8	132	64.078	59.459
047451	10	80	1	0.0	0.45
047451	10	81	15	0.0	6.757
047451	10	82	0	0.0	0.0
047495	10	10	73	32.159	24.333
047495	10	8	154	67.841	51.333
047495	10	80	53	0.0	17.667
047495	10	81	20	0.0	6.667
047495	10	82	0	0.0	0.0
047506	10	10	68	29.825	28.571
047506	10	8	160	70.175	67.227
047506	10	80	0	0.0	0.0
047506	10	81	10	0.0	4.202
047506	10	82	0	0.0	0.0
047565	10	10	56	26.415	24.67
047565	10	8	156	73.585	68.722
047565	10	80	0	0.0	0.0
047565	10	81	15	0.0	6.608
047565	10	82	0	0.0	0.0
047587	10	10	81	33.333	32.4
047587	10	8	161	66.255	64.4
047587	10	80	1	0.0	0.4
047587	10	81	6	0.0	2.4
047587	10	82	1	0.0	0.4
047592	10	10	81	36.0	27.0
047592	10	8	144	64.0	48.0
047592	10	80	59	0.0	19.667
047592	10	81	16	0.0	5.333
047592	10	82	0	0.0	0.0
047692	10	10	77	34.842	32.627
047692	10	8	143	64.706	60.593
047692	10	80	1	0.0	0.424
047692	10	81	14	0.0	5.932
047692	10	82	1	0.0	0.424
047714	10	10	28	11.475	11.245
047714	10	8	215	88.115	86.345
047714	10	80	0	0.0	0.0
047714	10	81	5	0.0	2.008
047714	10	82	1	0.0	0.402
047721	10	10	20	7.407	7.194
047721	10	8	248	91.852	89.209
047721	10	80	1	0.0	0.36
047721	10	81	7	0.0	2.518
047721	10	82	2	0.0	0.719
047729	10	10	49	18.702	17.626
047729	10	8	211	80.534	75.899
047729	10	80	0	0.0	0.0
047729	10	81	16	0.0	5.755
047729	10	82	2	0.0	0.719
047735	10	10	49	17.626	17.254
047735	10	8	229	82.374	80.634
047735	10	80	0	0.0	0.0
047735	10	81	6	0.0	2.113
047735	10	82	0	0.0	0.0
047962	10	10	42	15.273	14.789
047962	10	8	233	84.727	82.042
047962	10	80	0	0.0	0.0
047962	10	81	9	0.0	3.169
047962	10	82	0	0.0	0.0
047968	10	10	41	15.649	14.643
047968	10	8	220	83.969	78.571
047968	10	80	1	0.0	0.357
047968	10	81	17	0.0	6.071
047968	10	82	1	0.0	0.357
048006	10	10	54	25.234	24.0
048006	10	8	159	74.299	70.667
048006	10	80	0	0.0	0.0
048006	10	81	11	0.0	4.889
048006	10	82	1	0.0	0.444
048012	10	10	57	25.792	24.891
048012	10	8	164	74.208	71.616
048012	10	80	1	0.0	0.437
048012	10	81	7	0.0	3.057
048012	10	82	0	0.0	0.0
048025	10	10	60	25.105	24.194
048025	10	8	177	74.059	71.371
048025	10	80	0	0.0	0.0
048025	10	81	9	0.0	3.629
048025	10	82	2	0.0	0.806
048064	10	10	57	27.273	26.147
048064	10	8	152	72.727	69.725
048064	10	80	3	0.0	1.376
048064	10	81	6	0.0	2.752
048064	10	82	0	0.0	0.0
048069	10	10	49	23.902	22.581
048069	10	8	155	75.61	71.429
048069	10	80	1	0.0	0.461
048069	10	81	11	0.0	5.069
048069	10	82	1	0.0	0.461
048113	10	10	66	26.506	24.719
048113	10	8	182	73.092	68.165
048113	10	80	1	0.0	0.375
048113	10	81	17	0.0	6.367
048113	10	82	1	0.0	0.375
048119	10	10	45	23.077	22.167
048119	10	8	150	76.923	73.892
048119	10	80	1	0.0	0.493
048119	10	81	7	0.0	3.448
048119	10	82	0	0.0	0.0
048130	10	10	65	29.018	28.139
048130	10	8	159	70.982	68.831
048130	10	80	2	0.0	0.866
048130	10	81	5	0.0	2.165
048130	10	82	0	0.0	0.0
048183	10	10	85	32.946	28.333
048183	10	8	173	67.054	57.667
048183	10	80	30	0.0	10.0
048183	10	81	12	0.0	4.0
048183	10	82	0	0.0	0.0
048211	10	10	73	32.301	30.544
048211	10	8	152	67.257	63.598
048211	10	80	0	0.0	0.0
048211	10	81	13	0.0	5.439
048211	10	82	1	0.0	0.418
048261	10	10	95	35.581	33.688
048261	10	8	171	64.045	60.638
048261	10	80	0	0.0	0.0
048261	10	81	15	0.0	5.319
048261	10	82	1	0.0	0.355
048264	10	10	107	39.63	35.667
048264	10	8	163	60.37	54.333
048264	10	80	13	0.0	4.333
048264	10	81	17	0.0	5.667
048264	10	82	0	0.0	0.0
048319	10	10	76	28.571	25.333
048319	10	8	190	71.429	63.333
048319	10	80	19	0.0	6.333
048319	10	81	15	0.0	5.0
048319	10	82	0	0.0	0.0
048344	10	10	77	35.484	33.624
048344	10	8	140	64.516	61.135
048344	10	80	1	0.0	0.437
048344	10	81	11	0.0	4.803
048344	10	82	0	0.0	0.0
048396	10	10	101	38.403	36.201
048396	10	8	161	61.217	57.706
048396	10	80	1	0.0	0.358
048396	10	81	15	0.0	5.376
048396	10	82	1	0.0	0.358
048579	10	10	92	35.249	34.074
048579	10	8	169	64.751	62.593
048579	10	80	0	0.0	0.0
048579	10	81	9	0.0	3.333
048579	10	82	0	0.0	0.0
048582	10	10	72	29.15	24.0
048582	10	8	175	70.85	58.333
048582	10	80	39	0.0	13.0
048582	10	81	14	0.0	4.667
048582	10	82	0	0.0	0.0
048585	10	10	79	32.377	26.333
048585	10	8	165	67.623	55.0
048585	10	80	37	0.0	12.333
048585	10	81	19	0.0	6.333
048585	10	82	0	0.0	0.0
048688	10	10	80	33.333	30.189
048688	10	8	160	66.667	60.377
048688	10	80	0	0.0	0.0
048688	10	81	25	0.0	9.434
048688	10	82	0	0.0	0.0
048697	10	10	92	36.078	33.824
048697	10	8	163	63.922	59.926
048697	10	80	1	0.0	0.368
048697	10	81	16	0.0	5.882
048697	10	82	0	0.0	0.0
048705	10	10	64	29.907	21.333
048705	10	8	150	70.093	50.0
048705	10	80	76	0.0	25.333
048705	10	81	10	0.0	3.333
048705	10	82	0	0.0	0.0
048762	10	10	71	33.81	23.826
048762	10	8	139	66.19	46.644
048762	10	80	77	0.0	25.839
048762	10	81	11	0.0	3.691
048762	10	82	0	0.0	0.0
048785	10	10	70	32.558	31.532
048785	10	8	143	66.512	64.414
048785	10	80	1	0.0	0.45
048785	10	81	6	0.0	2.703
048785	10	82	2	0.0	0.901
048807	10	10	84	39.252	36.522
048807	10	8	130	60.748	56.522
048807	10	80	2	0.0	0.87
048807	10	81	14	0.0	6.087
048807	10	82	0	0.0	0.0
048929	10	10	71	37.566	36.41
048929	10	8	118	62.434	60.513
048929	10	80	0	0.0	0.0
048929	10	81	6	0.0	3.077
048929	10	82	0	0.0	0.0
048937	10	10	75	34.884	25.0
048937	10	8	140	65.116	46.667
048937	10	80	78	0.0	26.0
048937	10	81	7	0.0	2.333
048937	10	82	0	0.0	0.0
048938	10	10	69	33.173	30.942
048938	10	8	139	66.827	62.332
048938	10	80	2	0.0	0.897
048938	10	81	13	0.0	5.83
048938	10	82	0	0.0	0.0
048945	10	10	44	28.387	26.347
048945	10	8	111	71.613	66.467
048945	10	80	0	0.0	0.0
048945	10	81	12	0.0	7.186
048945	10	82	0	0.0	0.0
048974	10	10	64	28.571	27.468
048974	10	8	159	70.982	68.24
048974	10	80	1	0.0	0.429
048974	10	81	8	0.0	3.433
048974	10	82	1	0.0	0.429
048984	10	10	82	38.14	35.498
048984	10	8	132	61.395	57.143
048984	10	80	0	0.0	0.0
048984	10	81	16	0.0	6.926
048984	10	82	1	0.0	0.433
048985	10	10	80	36.53	34.043
048985	10	8	139	63.47	59.149
048985	10	80	0	0.0	0.0
048985	10	81	16	0.0	6.809
048985	10	82	0	0.0	0.0
049034	10	10	61	30.348	28.91
049034	10	8	139	69.154	65.877
049034	10	80	0	0.0	0.0
049034	10	81	10	0.0	4.739
049034	10	82	1	0.0	0.474
049078	10	10	84	36.681	28.0
049078	10	8	145	63.319	48.333
049078	10	80	55	0.0	18.333
049078	10	81	16	0.0	5.333
049078	10	82	0	0.0	0.0
049132	10	10	101	42.083	40.239
049132	10	8	139	57.917	55.378
049132	10	80	1	0.0	0.398
049132	10	81	10	0.0	3.984
049132	10	82	0	0.0	0.0
049143	10	10	67	33.668	31.455
049143	10	8	131	65.829	61.502
049143	10	80	1	0.0	0.469
049143	10	81	13	0.0	6.103
049143	10	82	1	0.0	0.469
049149	10	10	57	28.218	26.027
049149	10	8	144	71.287	65.753
049149	10	80	0	0.0	0.0
049149	10	81	17	0.0	7.763
049149	10	82	1	0.0	0.457
049184	10	10	77	34.375	32.489
049184	10	8	146	65.179	61.603
049184	10	80	1	0.0	0.422
049184	10	81	12	0.0	5.063
049184	10	82	1	0.0	0.422
049221	10	10	96	41.379	39.344
049221	10	8	136	58.621	55.738
049221	10	80	0	0.0	0.0
049221	10	81	12	0.0	4.918
049221	10	82	0	0.0	0.0
049243	10	10	65	31.707	30.093
049243	10	8	139	67.805	64.352
049243	10	80	0	0.0	0.0
049243	10	81	11	0.0	5.093
049243	10	82	1	0.0	0.463
049292	10	10	76	41.081	40.0
049292	10	8	109	58.919	57.368
049292	10	80	0	0.0	0.0
049292	10	81	5	0.0	2.632
049292	10	82	0	0.0	0.0
049304	10	10	70	36.842	35.533
049304	10	8	120	63.158	60.914
049304	10	80	1	0.0	0.508
049304	10	81	6	0.0	3.046
049304	10	82	0	0.0	0.0
049353	10	10	89	42.995	40.09
049353	10	8	118	57.005	53.153
049353	10	80	0	0.0	0.0
049353	10	81	15	0.0	6.757
049353	10	82	0	0.0	0.0
049360	10	10	61	32.105	30.049
049360	10	8	128	67.368	63.054
049360	10	80	1	0.0	0.493
049360	10	81	12	0.0	5.911
049360	10	82	1	0.0	0.493
049425	10	10	97	39.431	39.431
049425	10	8	129	52.439	52.439
049425	10	80	0	0.0	0.0
049425	10	81	0	0.0	0.0
049425	10	82	20	0.0	8.13
049476	10	10	90	41.86	30.0
049476	10	8	125	58.14	41.667
049476	10	80	78	0.0	26.0
049476	10	81	7	0.0	2.333
049476	10	82	0	0.0	0.0
049481	10	10	86	40.187	28.667
049481	10	8	128	59.813	42.667
049481	10	80	76	0.0	25.333
049481	10	81	10	0.0	3.333
049481	10	82	0	0.0	0.0
049493	10	10	79	38.725	36.239
049493	10	8	125	61.275	57.339
049493	10	80	2	0.0	0.917
049493	10	81	12	0.0	5.505
049493	10	82	0	0.0	0.0
049525	10	10	78	39.0	26.804
049525	10	8	122	61.0	41.924
049525	10	80	81	0.0	27.835
049525	10	81	10	0.0	3.436
049525	10	82	0	0.0	0.0
049540	10	10	67	33.668	31.019
049540	10	8	132	66.332	61.111
049540	10	80	3	0.0	1.389
049540	10	81	14	0.0	6.481
049540	10	82	0	0.0	0.0
049608	10	10	62	41.611	26.957
049608	10	8	87	58.389	37.826
049608	10	80	76	0.0	33.043
049608	10	81	5	0.0	2.174
049608	10	82	0	0.0	0.0
049610	10	10	86	39.815	28.667
049610	10	8	130	60.185	43.333
049610	10	80	76	0.0	25.333
049610	10	81	8	0.0	2.667
049610	10	82	0	0.0	0.0
049612	10	10	68	32.85	22.667
049612	10	8	139	67.15	46.333
049612	10	80	72	0.0	24.0
049612	10	81	21	0.0	7.0
049612	10	82	0	0.0	0.0
049714	10	10	56	24.779	18.667
049714	10	8	170	75.221	56.667
049714	10	80	68	0.0	22.667
049714	10	81	6	0.0	2.0
049714	10	82	0	0.0	0.0
049716	10	10	95	40.426	40.426
049716	10	8	128	54.468	54.468
049716	10	80	0	0.0	0.0
049716	10	81	0	0.0	0.0
049716	10	82	12	0.0	5.106
049783	10	10	55	28.351	26.316
049783	10	8	139	71.649	66.507
049783	10	80	0	0.0	0.0
049783	10	81	15	0.0	7.177
049783	10	82	0	0.0	0.0
049924	10	10	32	15.61	10.702
049924	10	8	173	84.39	57.86
049924	10	80	85	0.0	28.428
049924	10	81	9	0.0	3.01
049924	10	82	0	0.0	0.0
049989	10	10	73	33.796	24.497
049989	10	8	143	66.204	47.987
049989	10	80	67	0.0	22.483
049989	10	81	15	0.0	5.034
049989	10	82	0	0.0	0.0
050010	10	10	75	30.364	27.881
050010	10	8	171	69.231	63.569
050010	10	80	1	0.0	0.372
050010	10	81	21	0.0	7.807
050010	10	82	1	0.0	0.372
050014	10	10	63	24.324	22.909
050014	10	8	196	75.676	71.273
050014	10	80	0	0.0	0.0
050014	10	81	16	0.0	5.818
050014	10	82	0	0.0	0.0
050075	10	10	45	26.163	19.737
050075	10	8	127	73.837	55.702
050075	10	80	1	0.0	0.439
050075	10	81	55	0.0	24.123
050075	10	82	0	0.0	0.0
050085	10	10	57	23.75	22.709
050085	10	8	183	76.25	72.908
050085	10	80	0	0.0	0.0
050085	10	81	11	0.0	4.382
050085	10	82	0	0.0	0.0
050107	10	10	53	24.201	23.043
050107	10	8	165	75.342	71.739
050107	10	80	0	0.0	0.0
050107	10	81	11	0.0	4.783
050107	10	82	1	0.0	0.435
050128	10	10	55	24.444	22.634
050128	10	8	169	75.111	69.547
050128	10	80	0	0.0	0.0
050128	10	81	18	0.0	7.407
050128	10	82	1	0.0	0.412
050148	10	10	52	24.762	23.423
050148	10	8	158	75.238	71.171
050148	10	80	1	0.0	0.45
050148	10	81	11	0.0	4.955
050148	10	82	0	0.0	0.0
050176	10	10	55	22.0	22.0
050176	10	8	176	70.4	70.4
050176	10	80	0	0.0	0.0
050176	10	81	0	0.0	0.0
050176	10	82	19	0.0	7.6
050199	10	10	46	21.296	20.087
050199	10	8	167	77.315	72.926
050199	10	80	1	0.0	0.437
050199	10	81	12	0.0	5.24
050199	10	82	3	0.0	1.31
050220	10	10	54	26.341	24.658
050220	10	8	150	73.171	68.493
050220	10	80	1	0.0	0.457
050220	10	81	13	0.0	5.936
050220	10	82	1	0.0	0.457
050226	10	10	62	30.693	28.704
050226	10	8	140	69.307	64.815
050226	10	80	1	0.0	0.463
050226	10	81	13	0.0	6.019
050226	10	82	0	0.0	0.0
050244	10	10	68	29.06	26.984
050244	10	8	165	70.513	65.476
050244	10	80	2	0.0	0.794
050244	10	81	16	0.0	6.349
050244	10	82	1	0.0	0.397
050288	10	10	52	23.853	22.609
050288	10	8	166	76.147	72.174
050288	10	80	2	0.0	0.87
050288	10	81	10	0.0	4.348
050288	10	82	0	0.0	0.0
050347	10	10	53	27.461	26.5
050347	10	8	139	72.021	69.5
050347	10	80	0	0.0	0.0
050347	10	81	7	0.0	3.5
050347	10	82	1	0.0	0.5
050371	10	10	50	26.455	24.631
050371	10	8	138	73.016	67.98
050371	10	80	2	0.0	0.985
050371	10	81	12	0.0	5.911
050371	10	82	1	0.0	0.493
050395	10	10	62	29.952	20.736
050395	10	8	145	70.048	48.495
050395	10	80	80	0.0	26.756
050395	10	81	12	0.0	4.013
050395	10	82	0	0.0	0.0
050440	10	10	103	49.519	36.918
050440	10	8	105	50.481	37.634
050440	10	80	64	0.0	22.939
050440	10	81	7	0.0	2.509
050440	10	82	0	0.0	0.0
050466	10	10	117	50.215	47.368
050466	10	8	116	49.785	46.964
050466	10	80	1	0.0	0.405
050466	10	81	13	0.0	5.263
050466	10	82	0	0.0	0.0
050504	10	10	28	10.938	9.333
050504	10	8	228	89.063	76.0
050504	10	80	34	0.0	11.333
050504	10	81	10	0.0	3.333
050504	10	82	0	0.0	0.0
050544	10	10	42	20.588	20.488
050544	10	8	162	79.412	79.024
050544	10	80	1	0.0	0.488
050544	10	81	0	0.0	0.0
050544	10	82	0	0.0	0.0
050559	10	10	27	13.636	13.636
050559	10	8	171	86.364	86.364
050559	10	80	0	0.0	0.0
050559	10	81	0	0.0	0.0
050559	10	82	0	0.0	0.0
050571	10	10	0	0.0	0.0
050571	10	8	250	100.0	95.42
050571	10	80	0	0.0	0.0
050571	10	81	12	0.0	4.58
050571	10	82	0	0.0	0.0
050595	10	10	39	14.286	14.286
050595	10	8	234	85.714	85.714
050595	10	80	0	0.0	0.0
050595	10	81	0	0.0	0.0
050595	10	82	0	0.0	0.0
050628	10	10	64	100.0	76.19
050628	10	8	0	0.0	0.0
050628	10	80	0	0.0	0.0
050628	10	81	20	0.0	23.81
050628	10	82	0	0.0	0.0
050648	10	10	59	100.0	86.765
050648	10	8	0	0.0	0.0
050648	10	80	0	0.0	0.0
050648	10	81	9	0.0	13.235
050648	10	82	0	0.0	0.0
050669	10	10	57	25.792	23.651
050669	10	8	164	74.208	68.05
050669	10	80	0	0.0	0.0
050669	10	81	20	0.0	8.299
050669	10	82	0	0.0	0.0
050702	10	10	61	25.417	20.333
050702	10	8	179	74.583	59.667
050702	10	80	48	0.0	16.0
050702	10	81	12	0.0	4.0
050702	10	82	0	0.0	0.0
050722	10	10	76	32.34	28.897
050722	10	8	159	67.66	60.456
050722	10	80	14	0.0	5.323
050722	10	81	14	0.0	5.323
050722	10	82	0	0.0	0.0
050761	10	10	0	0.0	0.0
050761	10	8	170	100.0	93.407
050761	10	80	2	0.0	1.099
050761	10	81	10	0.0	5.495
050761	10	82	0	0.0	0.0
050771	10	10	49	22.477	21.212
050771	10	8	168	77.064	72.727
050771	10	80	0	0.0	0.0
050771	10	81	13	0.0	5.628
050771	10	82	1	0.0	0.433
050793	10	10	52	23.009	21.849
050793	10	8	174	76.991	73.109
050793	10	80	0	0.0	0.0
050793	10	81	12	0.0	5.042
050793	10	82	0	0.0	0.0
050808	10	10	52	20.553	20.0
050808	10	8	201	79.447	77.308
050808	10	80	1	0.0	0.385
050808	10	81	6	0.0	2.308
050808	10	82	0	0.0	0.0
050809	10	10	32	13.061	13.061
050809	10	8	213	86.939	86.939
050809	10	80	0	0.0	0.0
050809	10	81	0	0.0	0.0
050809	10	82	0	0.0	0.0
050839	10	10	26	100.0	70.27
050839	10	8	0	0.0	0.0
050839	10	80	1	0.0	2.703
050839	10	81	10	0.0	27.027
050839	10	82	0	0.0	0.0
050849	10	10	36	19.672	18.653
050849	10	8	147	80.328	76.166
050849	10	80	0	0.0	0.0
050849	10	81	10	0.0	5.181
050849	10	82	0	0.0	0.0
050858	10	10	43	19.027	18.298
050858	10	8	183	80.973	77.872
050858	10	80	2	0.0	0.851
050858	10	81	7	0.0	2.979
050858	10	82	0	0.0	0.0
050911	10	10	38	20.213	19.588
050911	10	8	149	79.255	76.804
050911	10	80	0	0.0	0.0
050911	10	81	6	0.0	3.093
050911	10	82	1	0.0	0.515
050952	10	10	56	21.212	20.364
050952	10	8	208	78.788	75.636
050952	10	80	0	0.0	0.0
050952	10	81	11	0.0	4.0
050952	10	82	0	0.0	0.0
050980	10	10	0	0.0	0.0
050980	10	8	0	0.0	0.0
050980	10	80	0	0.0	0.0
050980	10	81	12	0.0	100.0
050980	10	82	0	0.0	0.0
051011	10	10	0	0.0	0.0
051011	10	8	0	0.0	0.0
051011	10	80	2	0.0	15.385
051011	10	81	11	0.0	84.615
051011	10	82	0	0.0	0.0
051017	10	10	56	26.047	24.67
051017	10	8	159	73.953	70.044
051017	10	80	0	0.0	0.0
051017	10	81	12	0.0	5.286
051017	10	82	0	0.0	0.0
051023	10	10	78	37.864	35.945
051023	10	8	128	62.136	58.986
051023	10	80	2	0.0	0.922
051023	10	81	9	0.0	4.147
051023	10	82	0	0.0	0.0
051037	10	10	59	27.064	25.877
051037	10	8	159	72.936	69.737
051037	10	80	0	0.0	0.0
051037	10	81	10	0.0	4.386
051037	10	82	0	0.0	0.0
051074	10	10	79	35.747	34.052
051074	10	8	142	64.253	61.207
051074	10	80	2	0.0	0.862
051074	10	81	9	0.0	3.879
051074	10	82	0	0.0	0.0
051092	10	10	26	11.607	11.017
051092	10	8	198	88.393	83.898
051092	10	80	1	0.0	0.424
051092	10	81	11	0.0	4.661
051092	10	82	0	0.0	0.0
051115	10	10	36	14.876	14.229
051115	10	8	206	85.124	81.423
051115	10	80	2	0.0	0.791
051115	10	81	9	0.0	3.557
051115	10	82	0	0.0	0.0
051116	10	10	31	13.362	12.653
051116	10	8	201	86.638	82.041
051116	10	80	0	0.0	0.0
051116	10	81	13	0.0	5.306
051116	10	82	0	0.0	0.0
051146	10	10	34	15.668	13.765
051146	10	8	183	84.332	74.089
051146	10	80	15	0.0	6.073
051146	10	81	15	0.0	6.073
051146	10	82	0	0.0	0.0
051153	10	10	83	100.0	91.209
051153	10	8	0	0.0	0.0
051153	10	80	0	0.0	0.0
051153	10	81	8	0.0	8.791
051153	10	82	0	0.0	0.0
051158	10	10	66	25.483	22.0
051158	10	8	193	74.517	64.333
051158	10	80	23	0.0	7.667
051158	10	81	18	0.0	6.0
051158	10	82	0	0.0	0.0
051162	10	10	42	31.818	30.216
051162	10	8	90	68.182	64.748
051162	10	80	2	0.0	1.439
051162	10	81	5	0.0	3.597
051162	10	82	0	0.0	0.0
051171	10	10	0	0.0	0.0
051171	10	8	0	0.0	0.0
051171	10	80	0	0.0	0.0
051171	10	81	16	0.0	100.0
051171	10	82	0	0.0	0.0
051174	10	10	36	100.0	56.25
051174	10	8	0	0.0	0.0
051174	10	80	1	0.0	1.563
051174	10	81	27	0.0	42.188
051174	10	82	0	0.0	0.0
051177	10	10	42	17.355	14.841
051177	10	8	200	82.645	70.671
051177	10	80	1	0.0	0.353
051177	10	81	40	0.0	14.134
051177	10	82	0	0.0	0.0
051238	10	10	52	100.0	85.246
051238	10	8	0	0.0	0.0
051238	10	80	1	0.0	1.639
051238	10	81	8	0.0	13.115
051238	10	82	0	0.0	0.0
051259	10	10	0	0.0	0.0
051259	10	8	149	100.0	94.904
051259	10	80	0	0.0	0.0
051259	10	81	8	0.0	5.096
051259	10	82	0	0.0	0.0
051287	10	10	81	30.798	28.622
051287	10	8	182	69.202	64.311
051287	10	80	1	0.0	0.353
051287	10	81	19	0.0	6.714
051287	10	82	0	0.0	0.0
051358	10	10	79	30.62	29.044
051358	10	8	179	69.38	65.809
051358	10	80	4	0.0	1.471
051358	10	81	10	0.0	3.676
051358	10	82	0	0.0	0.0
051371	10	10	44	22.68	21.154
051371	10	8	148	76.289	71.154
051371	10	80	3	0.0	1.442
051371	10	81	11	0.0	5.288
051371	10	82	2	0.0	0.962
051379	10	10	41	20.398	19.524
051379	10	8	158	78.607	75.238
051379	10	80	0	0.0	0.0
051379	10	81	9	0.0	4.286
051379	10	82	2	0.0	0.952
051398	10	10	44	20.952	19.91
051398	10	8	166	79.048	75.113
051398	10	80	0	0.0	0.0
051398	10	81	11	0.0	4.977
051398	10	82	0	0.0	0.0
051420	10	10	60	25.21	23.622
051420	10	8	178	74.79	70.079
051420	10	80	3	0.0	1.181
051420	10	81	13	0.0	5.118
051420	10	82	0	0.0	0.0
051428	10	10	0	0.0	0.0
051428	10	8	157	100.0	99.367
051428	10	80	1	0.0	0.633
051428	10	81	0	0.0	0.0
051428	10	82	0	0.0	0.0
051430	10	10	0	0.0	0.0
051430	10	8	162	100.0	93.103
051430	10	80	2	0.0	1.149
051430	10	81	10	0.0	5.747
051430	10	82	0	0.0	0.0
051447	10	10	34	17.989	16.667
051447	10	8	155	82.011	75.98
051447	10	80	0	0.0	0.0
051447	10	81	15	0.0	7.353
051447	10	82	0	0.0	0.0
051582	10	10	57	100.0	85.075
051582	10	8	0	0.0	0.0
051582	10	80	0	0.0	0.0
051582	10	81	10	0.0	14.925
051582	10	82	0	0.0	0.0
051589	10	10	0	0.0	0.0
051589	10	8	106	100.0	82.171
051589	10	80	0	0.0	0.0
051589	10	81	23	0.0	17.829
051589	10	82	0	0.0	0.0
051592	10	10	0	0.0	0.0
051592	10	8	148	100.0	93.671
051592	10	80	0	0.0	0.0
051592	10	81	10	0.0	6.329
051592	10	82	0	0.0	0.0
051596	10	10	43	20.874	20.379
051596	10	8	153	74.272	72.512
051596	10	80	0	0.0	0.0
051596	10	81	5	0.0	2.37
051596	10	82	10	0.0	4.739
051607	10	10	65	35.912	35.714
051607	10	8	115	63.536	63.187
051607	10	80	1	0.0	0.549
051607	10	81	0	0.0	0.0
051607	10	82	1	0.0	0.549
051673	10	10	37	18.5	17.619
051673	10	8	163	81.5	77.619
051673	10	80	1	0.0	0.476
051673	10	81	9	0.0	4.286
051673	10	82	0	0.0	0.0
051766	10	10	64	27.948	21.405
051766	10	8	165	72.052	55.184
051766	10	80	57	0.0	19.064
051766	10	81	13	0.0	4.348
051766	10	82	0	0.0	0.0
051831	10	10	42	17.722	17.073
051831	10	8	194	81.857	78.862
051831	10	80	0	0.0	0.0
051831	10	81	9	0.0	3.659
051831	10	82	1	0.0	0.407
051843	10	10	54	25.592	25.472
051843	10	8	157	74.408	74.057
051843	10	80	1	0.0	0.472
051843	10	81	0	0.0	0.0
051843	10	82	0	0.0	0.0
051952	10	10	62	25.62	24.125
051952	10	8	179	73.967	69.65
051952	10	80	2	0.0	0.778
051952	10	81	13	0.0	5.058
051952	10	82	1	0.0	0.389
051953	10	10	62	26.05	24.701
051953	10	8	176	73.95	70.12
051953	10	80	0	0.0	0.0
051953	10	81	13	0.0	5.179
051953	10	82	0	0.0	0.0
052025	10	10	71	31.556	28.862
052025	10	8	154	68.444	62.602
052025	10	80	1	0.0	0.407
052025	10	81	20	0.0	8.13
052025	10	82	0	0.0	0.0
052075	10	10	87	31.752	30.742
052075	10	8	187	68.248	66.078
052075	10	80	0	0.0	0.0
052075	10	81	9	0.0	3.18
052075	10	82	0	0.0	0.0
052079	10	10	79	33.333	31.727
052079	10	8	157	66.245	63.052
052079	10	80	1	0.0	0.402
052079	10	81	11	0.0	4.418
052079	10	82	1	0.0	0.402
052084	10	10	86	37.719	35.833
052084	10	8	141	61.842	58.75
052084	10	80	2	0.0	0.833
052084	10	81	10	0.0	4.167
052084	10	82	1	0.0	0.417
052095	10	10	93	40.611	38.589
052095	10	8	133	58.079	55.187
052095	10	80	1	0.0	0.415
052095	10	81	11	0.0	4.564
052095	10	82	3	0.0	1.245
052122	10	10	0	0.0	0.0
052122	10	8	125	99.206	99.206
052122	10	80	0	0.0	0.0
052122	10	81	0	0.0	0.0
052122	10	82	1	0.0	0.794
052126	10	10	92	41.071	38.655
052126	10	8	129	57.589	54.202
052126	10	80	3	0.0	1.261
052126	10	81	11	0.0	4.622
052126	10	82	3	0.0	1.261
052175	10	10	78	35.945	32.365
052175	10	8	139	64.055	57.676
052175	10	80	2	0.0	0.83
052175	10	81	22	0.0	9.129
052175	10	82	0	0.0	0.0
052281	10	10	69	29.362	29.362
052281	10	8	156	66.383	66.383
052281	10	80	0	0.0	0.0
052281	10	81	0	0.0	0.0
052281	10	82	10	0.0	4.255
052318	10	10	85	30.035	28.333
052318	10	8	148	52.297	49.333
052318	10	80	1	0.0	0.333
052318	10	81	16	0.0	5.333
052318	10	82	50	0.0	16.667
052344	10	10	81	36.986	34.615
052344	10	8	138	63.014	58.974
052344	10	80	0	0.0	0.0
052344	10	81	15	0.0	6.41
052344	10	82	0	0.0	0.0
052357	10	10	99	48.058	41.079
052357	10	8	107	51.942	44.398
052357	10	80	0	0.0	0.0
052357	10	81	35	0.0	14.523
052357	10	82	0	0.0	0.0
052404	10	10	73	33.182	24.333
052404	10	8	147	66.818	49.0
052404	10	80	55	0.0	18.333
052404	10	81	25	0.0	8.333
052404	10	82	0	0.0	0.0
052463	10	10	91	43.128	40.265
052463	10	8	120	56.872	53.097
052463	10	80	0	0.0	0.0
052463	10	81	15	0.0	6.637
052463	10	82	0	0.0	0.0
052517	10	10	87	42.857	38.496
052517	10	8	115	56.65	50.885
052517	10	80	3	0.0	1.327
052517	10	81	20	0.0	8.85
052517	10	82	1	0.0	0.442
052633	10	10	81	38.756	26.91
052633	10	8	128	61.244	42.525
052633	10	80	73	0.0	24.252
052633	10	81	19	0.0	6.312
052633	10	82	0	0.0	0.0
052673	10	10	83	37.054	34.44
052673	10	8	141	62.946	58.506
052673	10	80	0	0.0	0.0
052673	10	81	17	0.0	7.054
052673	10	82	0	0.0	0.0
052714	10	10	81	100.0	89.011
052714	10	8	0	0.0	0.0
052714	10	80	1	0.0	1.099
052714	10	81	9	0.0	9.89
052714	10	82	0	0.0	0.0
052749	10	10	88	41.706	39.462
052749	10	8	122	57.82	54.709
052749	10	80	1	0.0	0.448
052749	10	81	11	0.0	4.933
052749	10	82	1	0.0	0.448
052763	10	10	80	37.559	35.088
052763	10	8	131	61.502	57.456
052763	10	80	3	0.0	1.316
052763	10	81	12	0.0	5.263
052763	10	82	2	0.0	0.877
052764	10	10	69	31.944	29.87
052764	10	8	146	67.593	63.203
052764	10	80	3	0.0	1.299
052764	10	81	12	0.0	5.195
052764	10	82	1	0.0	0.433
052776	10	10	113	45.749	37.667
052776	10	8	134	54.251	44.667
052776	10	80	45	0.0	15.0
052776	10	81	8	0.0	2.667
052776	10	82	0	0.0	0.0
052778	10	10	106	42.063	35.333
052778	10	8	146	57.937	48.667
052778	10	80	41	0.0	13.667
052778	10	81	7	0.0	2.333
052778	10	82	0	0.0	0.0
052807	10	10	79	39.109	36.744
052807	10	8	120	59.406	55.814
052807	10	80	2	0.0	0.93
052807	10	81	11	0.0	5.116
052807	10	82	3	0.0	1.395
052830	10	10	99	40.741	39.286
052830	10	8	135	55.556	53.571
052830	10	80	0	0.0	0.0
052830	10	81	9	0.0	3.571
052830	10	82	9	0.0	3.571
052874	10	10	69	34.673	31.797
052874	10	8	130	65.327	59.908
052874	10	80	0	0.0	0.0
052874	10	81	18	0.0	8.295
052874	10	82	0	0.0	0.0
052890	10	10	94	42.342	39.662
052890	10	8	128	57.658	54.008
052890	10	80	0	0.0	0.0
052890	10	81	15	0.0	6.329
052890	10	82	0	0.0	0.0
052972	10	10	89	36.475	36.327
052972	10	8	140	57.377	57.143
052972	10	80	1	0.0	0.408
052972	10	81	0	0.0	0.0
052972	10	82	15	0.0	6.122
052983	10	10	112	42.912	42.264
052983	10	8	138	52.874	52.075
052983	10	80	0	0.0	0.0
052983	10	81	4	0.0	1.509
052983	10	82	11	0.0	4.151
053044	10	10	75	26.042	25.0
053044	10	8	134	46.528	44.667
053044	10	80	2	0.0	0.667
053044	10	81	10	0.0	3.333
053044	10	82	79	0.0	26.333
053096	10	10	77	37.379	35.814
053096	10	8	127	61.65	59.07
053096	10	80	0	0.0	0.0
053096	10	81	9	0.0	4.186
053096	10	82	2	0.0	0.93
053107	10	10	73	37.245	35.096
053107	10	8	122	62.245	58.654
053107	10	80	0	0.0	0.0
053107	10	81	12	0.0	5.769
053107	10	82	1	0.0	0.481
053193	10	10	93	36.328	34.572
053193	10	8	163	63.672	60.595
053193	10	80	0	0.0	0.0
053193	10	81	13	0.0	4.833
053193	10	82	0	0.0	0.0
053210	10	10	84	37.5	34.711
053210	10	8	140	62.5	57.851
053210	10	80	1	0.0	0.413
053210	10	81	17	0.0	7.025
053210	10	82	0	0.0	0.0
053244	10	10	71	32.569	30.736
053244	10	8	147	67.431	63.636
053244	10	80	2	0.0	0.866
053244	10	81	11	0.0	4.762
053244	10	82	0	0.0	0.0
053273	10	10	69	31.081	29.114
053273	10	8	151	68.018	63.713
053273	10	80	0	0.0	0.0
053273	10	81	15	0.0	6.329
053273	10	82	2	0.0	0.844
053285	10	10	66	30.556	28.696
053285	10	8	149	68.981	64.783
053285	10	80	1	0.0	0.435
053285	10	81	13	0.0	5.652
053285	10	82	1	0.0	0.435
053337	10	10	50	25.773	23.697
053337	10	8	143	73.711	67.773
053337	10	80	2	0.0	0.948
053337	10	81	15	0.0	7.109
053337	10	82	1	0.0	0.474
053346	10	10	56	38.095	35.443
053346	10	8	90	61.224	56.962
053346	10	80	1	0.0	0.633
053346	10	81	10	0.0	6.329
053346	10	82	1	0.0	0.633
053357	10	10	49	27.374	25.258
053357	10	8	130	72.626	67.01
053357	10	80	3	0.0	1.546
053357	10	81	12	0.0	6.186
053357	10	82	0	0.0	0.0
053359	10	10	57	29.082	28.218
053359	10	8	139	70.918	68.812
053359	10	80	1	0.0	0.495
053359	10	81	5	0.0	2.475
053359	10	82	0	0.0	0.0
053361	10	10	57	30.978	29.231
053361	10	8	127	69.022	65.128
053361	10	80	2	0.0	1.026
053361	10	81	9	0.0	4.615
053361	10	82	0	0.0	0.0
053375	10	10	62	31.156	29.665
053375	10	8	136	68.342	65.072
053375	10	80	0	0.0	0.0
053375	10	81	10	0.0	4.785
053375	10	82	1	0.0	0.478
053379	10	10	67	35.45	22.408
053379	10	8	122	64.55	40.803
053379	10	80	102	0.0	34.114
053379	10	81	8	0.0	2.676
053379	10	82	0	0.0	0.0
053384	10	10	43	23.243	14.381
053384	10	8	142	76.757	47.492
053384	10	80	108	0.0	36.12
053384	10	81	6	0.0	2.007
053384	10	82	0	0.0	0.0
053392	10	10	42	24.277	22.105
053392	10	8	130	75.145	68.421
053392	10	80	2	0.0	1.053
053392	10	81	15	0.0	7.895
053392	10	82	1	0.0	0.526
053435	10	10	79	31.727	30.502
053435	10	8	169	67.871	65.251
053435	10	80	2	0.0	0.772
053435	10	81	8	0.0	3.089
053435	10	82	1	0.0	0.386
053531	10	10	56	26.794	24.242
053531	10	8	152	72.727	65.801
053531	10	80	1	0.0	0.433
053531	10	81	21	0.0	9.091
053531	10	82	1	0.0	0.433
053560	10	10	70	29.536	28.0
053560	10	8	158	66.667	63.2
053560	10	80	2	0.0	0.8
053560	10	81	11	0.0	4.4
053560	10	82	9	0.0	3.6
053597	10	10	62	26.724	25.0
053597	10	8	169	72.845	68.145
053597	10	80	1	0.0	0.403
053597	10	81	15	0.0	6.048
053597	10	82	1	0.0	0.403
053634	10	10	70	33.654	30.973
053634	10	8	135	64.904	59.735
053634	10	80	0	0.0	0.0
053634	10	81	18	0.0	7.965
053634	10	82	3	0.0	1.327
053635	10	10	79	36.239	33.617
053635	10	8	138	63.303	58.723
053635	10	80	2	0.0	0.851
053635	10	81	15	0.0	6.383
053635	10	82	1	0.0	0.426
053663	10	10	44	27.16	25.287
053663	10	8	118	72.84	67.816
053663	10	80	2	0.0	1.149
053663	10	81	10	0.0	5.747
053663	10	82	0	0.0	0.0
053816	10	10	97	40.756	32.441
053816	10	8	141	59.244	47.157
053816	10	80	50	0.0	16.722
053816	10	81	11	0.0	3.679
053816	10	82	0	0.0	0.0
053830	10	10	91	41.935	30.435
053830	10	8	126	58.065	42.14
053830	10	80	71	0.0	23.746
053830	10	81	11	0.0	3.679
053830	10	82	0	0.0	0.0
053875	10	10	82	42.487	38.863
053875	10	8	111	57.513	52.607
053875	10	80	0	0.0	0.0
053875	10	81	18	0.0	8.531
053875	10	82	0	0.0	0.0
053904	10	10	115	48.117	38.462
053904	10	8	124	51.883	41.472
053904	10	80	48	0.0	16.054
053904	10	81	12	0.0	4.013
053904	10	82	0	0.0	0.0
053936	10	10	98	40.496	39.357
053936	10	8	144	59.504	57.831
053936	10	80	0	0.0	0.0
053936	10	81	7	0.0	2.811
053936	10	82	0	0.0	0.0
053960	10	10	98	40.833	38.889
053960	10	8	141	58.75	55.952
053960	10	80	1	0.0	0.397
053960	10	81	11	0.0	4.365
053960	10	82	1	0.0	0.397
053986	10	10	0	0.0	0.0
053986	10	8	131	100.0	87.919
053986	10	80	1	0.0	0.671
053986	10	81	17	0.0	11.409
053986	10	82	0	0.0	0.0
054000	10	10	82	36.607	33.469
054000	10	8	142	63.393	57.959
054000	10	80	3	0.0	1.224
054000	10	81	18	0.0	7.347
054000	10	82	0	0.0	0.0
054029	10	10	83	36.404	33.878
054029	10	8	145	63.596	59.184
054029	10	80	2	0.0	0.816
054029	10	81	15	0.0	6.122
054029	10	82	0	0.0	0.0
054042	10	10	77	32.083	30.677
054042	10	8	163	67.917	64.94
054042	10	80	1	0.0	0.398
054042	10	81	10	0.0	3.984
054042	10	82	0	0.0	0.0
054070	10	10	84	38.532	28.094
054070	10	8	134	61.468	44.816
054070	10	80	68	0.0	22.742
054070	10	81	13	0.0	4.348
054070	10	82	0	0.0	0.0
054093	10	10	82	40.594	35.808
054093	10	8	120	59.406	52.402
054093	10	80	3	0.0	1.31
054093	10	81	24	0.0	10.48
054093	10	82	0	0.0	0.0
054095	10	10	73	34.762	32.159
054095	10	8	136	64.762	59.912
054095	10	80	0	0.0	0.0
054095	10	81	17	0.0	7.489
054095	10	82	1	0.0	0.441
054108	10	10	87	39.726	36.555
054108	10	8	132	60.274	55.462
054108	10	80	3	0.0	1.261
054108	10	81	16	0.0	6.723
054108	10	82	0	0.0	0.0
054117	10	10	89	39.732	38.362
054117	10	8	135	60.268	58.19
054117	10	80	0	0.0	0.0
054117	10	81	8	0.0	3.448
054117	10	82	0	0.0	0.0
054131	10	10	75	33.482	31.25
054131	10	8	149	66.518	62.083
054131	10	80	0	0.0	0.0
054131	10	81	16	0.0	6.667
054131	10	82	0	0.0	0.0
054162	10	10	78	34.513	32.773
054162	10	8	148	65.487	62.185
054162	10	80	1	0.0	0.42
054162	10	81	11	0.0	4.622
054162	10	82	0	0.0	0.0
054179	10	10	68	31.336	29.437
054179	10	8	149	68.664	64.502
054179	10	80	0	0.0	0.0
054179	10	81	14	0.0	6.061
054179	10	82	0	0.0	0.0
054315	10	10	101	44.105	41.224
054315	10	8	126	55.022	51.429
054315	10	80	1	0.0	0.408
054315	10	81	15	0.0	6.122
054315	10	82	2	0.0	0.816
054348	10	10	61	29.327	24.597
054348	10	8	146	70.192	58.871
054348	10	80	0	0.0	0.0
054348	10	81	40	0.0	16.129
054348	10	82	1	0.0	0.403
054398	10	10	88	41.905	35.06
054398	10	8	122	58.095	48.606
054398	10	80	1	0.0	0.398
054398	10	81	40	0.0	15.936
054398	10	82	0	0.0	0.0
054434	10	10	59	37.107	34.302
054434	10	8	100	62.893	58.14
054434	10	80	0	0.0	0.0
054434	10	81	13	0.0	7.558
054434	10	82	0	0.0	0.0
054455	10	10	77	33.333	31.818
054455	10	8	153	66.234	63.223
054455	10	80	1	0.0	0.413
054455	10	81	10	0.0	4.132
054455	10	82	1	0.0	0.413
054481	10	10	93	40.435	37.805
054481	10	8	136	59.13	55.285
054481	10	80	4	0.0	1.626
054481	10	81	12	0.0	4.878
054481	10	82	1	0.0	0.407
054552	10	10	81	34.914	32.794
054552	10	8	147	63.362	59.514
054552	10	80	2	0.0	0.81
054552	10	81	13	0.0	5.263
054552	10	82	4	0.0	1.619
054562	10	10	88	39.111	36.364
054562	10	8	137	60.889	56.612
054562	10	80	2	0.0	0.826
054562	10	81	15	0.0	6.198
054562	10	82	0	0.0	0.0
054567	10	10	82	28.671	27.333
054567	10	8	155	54.196	51.667
054567	10	80	2	0.0	0.667
054567	10	81	12	0.0	4.0
054567	10	82	49	0.0	16.333
054622	10	10	88	38.938	38.596
054622	10	8	128	56.637	56.14
054622	10	80	2	0.0	0.877
054622	10	81	0	0.0	0.0
054622	10	82	10	0.0	4.386
054626	10	10	52	32.298	30.588
054626	10	8	108	67.081	63.529
054626	10	80	1	0.0	0.588
054626	10	81	8	0.0	4.706
054626	10	82	1	0.0	0.588
054663	10	10	82	38.14	36.444
054663	10	8	133	61.86	59.111
054663	10	80	0	0.0	0.0
054663	10	81	10	0.0	4.444
054663	10	82	0	0.0	0.0
054665	10	10	81	38.208	34.468
054665	10	8	126	59.434	53.617
054665	10	80	5	0.0	2.128
054665	10	81	18	0.0	7.66
054665	10	82	5	0.0	2.128
054738	10	10	57	30.481	19.0
054738	10	8	130	69.519	43.333
054738	10	80	96	0.0	32.0
054738	10	81	17	0.0	5.667
054738	10	82	0	0.0	0.0
054749	10	10	90	37.657	37.5
054749	10	8	145	60.669	60.417
054749	10	80	1	0.0	0.417
054749	10	81	0	0.0	0.0
054749	10	82	4	0.0	1.667
054767	10	10	96	43.439	40.678
054767	10	8	125	56.561	52.966
054767	10	80	3	0.0	1.271
054767	10	81	12	0.0	5.085
054767	10	82	0	0.0	0.0
054780	10	10	65	29.954	21.667
054780	10	8	152	70.046	50.667
054780	10	80	75	0.0	25.0
054780	10	81	8	0.0	2.667
054780	10	82	0	0.0	0.0
054800	10	10	78	38.235	36.279
054800	10	8	125	61.275	58.14
054800	10	80	2	0.0	0.93
054800	10	81	9	0.0	4.186
054800	10	82	1	0.0	0.465
054811	10	10	69	33.659	30.667
054811	10	8	135	65.854	60.0
054811	10	80	2	0.0	0.889
054811	10	81	18	0.0	8.0
054811	10	82	1	0.0	0.444
054827	10	10	79	42.703	35.111
054827	10	8	106	57.297	47.111
054827	10	80	0	0.0	0.0
054827	10	81	40	0.0	17.778
054827	10	82	0	0.0	0.0
054927	10	10	89	38.034	29.766
054927	10	8	145	61.966	48.495
054927	10	80	52	0.0	17.391
054927	10	81	13	0.0	4.348
054927	10	82	0	0.0	0.0
054950	10	10	58	29.293	19.398
054950	10	8	140	70.707	46.823
054950	10	80	88	0.0	29.431
054950	10	81	13	0.0	4.348
054950	10	82	0	0.0	0.0
054954	10	10	67	34.01	32.212
054954	10	8	130	65.99	62.5
054954	10	80	1	0.0	0.481
054954	10	81	10	0.0	4.808
054954	10	82	0	0.0	0.0
054955	10	10	54	19.355	18.06
054955	10	8	122	43.728	40.803
054955	10	80	3	0.0	1.003
054955	10	81	17	0.0	5.686
054955	10	82	103	0.0	34.448
054979	10	10	78	30.0	26.087
054979	10	8	182	70.0	60.87
054979	10	80	27	0.0	9.03
054979	10	81	12	0.0	4.013
054979	10	82	0	0.0	0.0
055003	10	10	94	40.0	38.367
055003	10	8	141	60.0	57.551
055003	10	80	1	0.0	0.408
055003	10	81	9	0.0	3.673
055003	10	82	0	0.0	0.0
055043	10	10	91	40.625	30.435
055043	10	8	133	59.375	44.482
055043	10	80	56	0.0	18.729
055043	10	81	19	0.0	6.355
055043	10	82	0	0.0	0.0
055048	10	10	82	37.615	27.425
055048	10	8	136	62.385	45.485
055048	10	80	65	0.0	21.739
055048	10	81	16	0.0	5.351
055048	10	82	0	0.0	0.0
055052	10	10	65	30.233	21.739
055052	10	8	150	69.767	50.167
055052	10	80	54	0.0	18.06
055052	10	81	30	0.0	10.033
055052	10	82	0	0.0	0.0
055078	10	10	58	29.146	19.398
055078	10	8	141	70.854	47.157
055078	10	80	87	0.0	29.097
055078	10	81	13	0.0	4.348
055078	10	82	0	0.0	0.0
055121	10	10	69	29.362	28.279
055121	10	8	164	69.787	67.213
055121	10	80	2	0.0	0.82
055121	10	81	7	0.0	2.869
055121	10	82	2	0.0	0.82
055163	10	10	92	41.629	37.247
055163	10	8	128	57.919	51.822
055163	10	80	4	0.0	1.619
055163	10	81	22	0.0	8.907
055163	10	82	1	0.0	0.405
055214	10	10	80	33.473	32.922
055214	10	8	147	61.506	60.494
055214	10	80	3	0.0	1.235
055214	10	81	1	0.0	0.412
055214	10	82	12	0.0	4.938
055239	10	10	89	35.317	33.84
055239	10	8	163	64.683	61.977
055239	10	80	1	0.0	0.38
055239	10	81	10	0.0	3.802
055239	10	82	0	0.0	0.0
055241	10	10	78	31.076	29.434
055241	10	8	171	68.127	64.528
055241	10	80	1	0.0	0.377
055241	10	81	13	0.0	4.906
055241	10	82	2	0.0	0.755
055244	10	10	78	33.333	30.952
055244	10	8	156	66.667	61.905
055244	10	80	4	0.0	1.587
055244	10	81	14	0.0	5.556
055244	10	82	0	0.0	0.0
055252	10	10	127	49.225	42.475
055252	10	8	131	50.775	43.813
055252	10	80	21	0.0	7.023
055252	10	81	20	0.0	6.689
055252	10	82	0	0.0	0.0
055277	10	10	73	32.301	30.544
055277	10	8	153	67.699	64.017
055277	10	80	3	0.0	1.255
055277	10	81	10	0.0	4.184
055277	10	82	0	0.0	0.0
055281	10	10	62	28.182	20.736
055281	10	8	158	71.818	52.843
055281	10	80	54	0.0	18.06
055281	10	81	25	0.0	8.361
055281	10	82	0	0.0	0.0
055286	10	10	77	35.16	33.772
055286	10	8	142	64.84	62.281
055286	10	80	1	0.0	0.439
055286	10	81	8	0.0	3.509
055286	10	82	0	0.0	0.0
055299	10	10	87	37.179	29.097
055299	10	8	147	62.821	49.164
055299	10	80	50	0.0	16.722
055299	10	81	15	0.0	5.017
055299	10	82	0	0.0	0.0
055340	10	10	81	35.526	33.197
055340	10	8	146	64.035	59.836
055340	10	80	0	0.0	0.0
055340	10	81	16	0.0	6.557
055340	10	82	1	0.0	0.41
055376	10	10	66	29.464	27.615
055376	10	8	158	70.536	66.109
055376	10	80	2	0.0	0.837
055376	10	81	13	0.0	5.439
055376	10	82	0	0.0	0.0
055413	10	10	98	42.609	40.664
055413	10	8	132	57.391	54.772
055413	10	80	1	0.0	0.415
055413	10	81	10	0.0	4.149
055413	10	82	0	0.0	0.0
055421	10	10	79	27.622	26.421
055421	10	8	140	48.951	46.823
055421	10	80	0	0.0	0.0
055421	10	81	13	0.0	4.348
055421	10	82	67	0.0	22.408
055427	10	10	82	36.607	34.599
055427	10	8	142	63.393	59.916
055427	10	80	0	0.0	0.0
055427	10	81	13	0.0	5.485
055427	10	82	0	0.0	0.0
055432	10	10	74	33.79	32.035
055432	10	8	145	66.21	62.771
055432	10	80	1	0.0	0.433
055432	10	81	11	0.0	4.762
055432	10	82	0	0.0	0.0
055437	10	10	71	30.213	29.461
055437	10	8	163	69.362	67.635
055437	10	80	0	0.0	0.0
055437	10	81	6	0.0	2.49
055437	10	82	1	0.0	0.415
055449	10	10	77	32.627	25.753
055449	10	8	159	67.373	53.177
055449	10	80	52	0.0	17.391
055449	10	81	11	0.0	3.679
055449	10	82	0	0.0	0.0
055469	10	10	81	33.333	31.518
055469	10	8	162	66.667	63.035
055469	10	80	1	0.0	0.389
055469	10	81	13	0.0	5.058
055469	10	82	0	0.0	0.0
055497	10	10	75	33.937	32.328
055497	10	8	145	65.611	62.5
055497	10	80	0	0.0	0.0
055497	10	81	11	0.0	4.741
055497	10	82	1	0.0	0.431
055520	10	10	103	41.036	39.015
055520	10	8	148	58.964	56.061
055520	10	80	3	0.0	1.136
055520	10	81	10	0.0	3.788
055520	10	82	0	0.0	0.0
055672	10	10	69	30.396	28.512
055672	10	8	157	69.163	64.876
055672	10	80	0	0.0	0.0
055672	10	81	15	0.0	6.198
055672	10	82	1	0.0	0.413
055707	10	10	81	36.486	27.09
055707	10	8	141	63.514	47.157
055707	10	80	62	0.0	20.736
055707	10	81	15	0.0	5.017
055707	10	82	0	0.0	0.0
055744	10	10	69	28.395	23.077
055744	10	8	174	71.605	58.194
055744	10	80	46	0.0	15.385
055744	10	81	10	0.0	3.344
055744	10	82	0	0.0	0.0
055813	10	10	91	39.565	37.449
055813	10	8	138	60.0	56.79
055813	10	80	2	0.0	0.823
055813	10	81	11	0.0	4.527
055813	10	82	1	0.0	0.412
055828	10	10	78	35.78	33.051
055828	10	8	140	64.22	59.322
055828	10	80	2	0.0	0.847
055828	10	81	16	0.0	6.78
055828	10	82	0	0.0	0.0
055836	10	10	82	40.196	37.273
055836	10	8	122	59.804	55.455
055836	10	80	2	0.0	0.909
055836	10	81	14	0.0	6.364
055836	10	82	0	0.0	0.0
055871	10	10	74	40.884	37.949
055871	10	8	107	59.116	54.872
055871	10	80	2	0.0	1.026
055871	10	81	12	0.0	6.154
055871	10	82	0	0.0	0.0
055894	10	10	90	39.823	30.1
055894	10	8	136	60.177	45.485
055894	10	80	56	0.0	18.729
055894	10	81	17	0.0	5.686
055894	10	82	0	0.0	0.0
055909	10	10	70	32.258	30.837
055909	10	8	147	67.742	64.758
055909	10	80	2	0.0	0.881
055909	10	81	8	0.0	3.524
055909	10	82	0	0.0	0.0
055922	10	10	83	39.713	36.564
055922	10	8	126	60.287	55.507
055922	10	80	0	0.0	0.0
055922	10	81	18	0.0	7.93
055922	10	82	0	0.0	0.0
055945	10	10	75	33.632	32.051
055945	10	8	148	66.368	63.248
055945	10	80	1	0.0	0.427
055945	10	81	10	0.0	4.274
055945	10	82	0	0.0	0.0
055946	10	10	63	29.577	27.876
055946	10	8	150	70.423	66.372
055946	10	80	2	0.0	0.885
055946	10	81	11	0.0	4.867
055946	10	82	0	0.0	0.0
056076	10	10	88	35.772	35.628
056076	10	8	148	60.163	59.919
056076	10	80	1	0.0	0.405
056076	10	81	0	0.0	0.0
056076	10	82	10	0.0	4.049
056123	10	10	78	40.838	31.2
056123	10	8	113	59.162	45.2
056123	10	80	54	0.0	21.6
056123	10	81	5	0.0	2.0
056123	10	82	0	0.0	0.0
056167	10	10	103	47.685	44.589
056167	10	8	113	52.315	48.918
056167	10	80	4	0.0	1.732
056167	10	81	11	0.0	4.762
056167	10	82	0	0.0	0.0
056182	10	10	105	47.511	45.652
056182	10	8	116	52.489	50.435
056182	10	80	0	0.0	0.0
056182	10	81	9	0.0	3.913
056182	10	82	0	0.0	0.0
056191	10	10	96	40.336	39.024
056191	10	8	141	59.244	57.317
056191	10	80	1	0.0	0.407
056191	10	81	7	0.0	2.846
056191	10	82	1	0.0	0.407
056198	10	10	84	35.294	35.0
056198	10	8	141	59.244	58.75
056198	10	80	2	0.0	0.833
056198	10	81	0	0.0	0.0
056198	10	82	13	0.0	5.417
056201	10	10	92	39.655	37.247
056201	10	8	139	59.914	56.275
056201	10	80	2	0.0	0.81
056201	10	81	13	0.0	5.263
056201	10	82	1	0.0	0.405
056205	10	10	98	42.241	39.516
056205	10	8	133	57.328	53.629
056205	10	80	1	0.0	0.403
056205	10	81	15	0.0	6.048
056205	10	82	1	0.0	0.403
056206	10	10	90	40.724	30.0
056206	10	8	131	59.276	43.667
056206	10	80	61	0.0	20.333
056206	10	81	18	0.0	6.0
056206	10	82	0	0.0	0.0
056240	10	10	101	44.105	33.667
056240	10	8	128	55.895	42.667
056240	10	80	58	0.0	19.333
056240	10	81	13	0.0	4.333
056240	10	82	0	0.0	0.0
056271	10	10	107	50.0	35.667
056271	10	8	107	50.0	35.667
056271	10	80	60	0.0	20.0
056271	10	81	26	0.0	8.667
056271	10	82	0	0.0	0.0
056282	10	10	117	50.0	39.0
056282	10	8	117	50.0	39.0
056282	10	80	47	0.0	15.667
056282	10	81	19	0.0	6.333
056282	10	82	0	0.0	0.0
056366	10	10	128	45.07	42.667
056366	10	8	109	38.38	36.333
056366	10	80	1	0.0	0.333
056366	10	81	15	0.0	5.0
056366	10	82	47	0.0	15.667
056426	10	10	95	40.948	38.153
056426	10	8	137	59.052	55.02
056426	10	80	1	0.0	0.402
056426	10	81	16	0.0	6.426
056426	10	82	0	0.0	0.0
056474	10	10	88	38.596	38.261
056474	10	8	140	61.404	60.87
056474	10	80	2	0.0	0.87
056474	10	81	0	0.0	0.0
056474	10	82	0	0.0	0.0
056536	10	10	93	37.349	33.818
056536	10	8	155	62.249	56.364
056536	10	80	1	0.0	0.364
056536	10	81	25	0.0	9.091
056536	10	82	1	0.0	0.364
056579	10	10	88	37.931	35.772
056579	10	8	144	62.069	58.537
056579	10	80	2	0.0	0.813
056579	10	81	12	0.0	4.878
056579	10	82	0	0.0	0.0
056593	10	10	91	38.889	30.333
056593	10	8	143	61.111	47.667
056593	10	80	47	0.0	15.667
056593	10	81	19	0.0	6.333
056593	10	82	0	0.0	0.0
056599	10	10	120	48.583	40.0
056599	10	8	127	51.417	42.333
056599	10	80	44	0.0	14.667
056599	10	81	9	0.0	3.0
056599	10	82	0	0.0	0.0
056605	10	10	98	41.88	38.735
056605	10	8	136	58.12	53.755
056605	10	80	1	0.0	0.395
056605	10	81	18	0.0	7.115
056605	10	82	0	0.0	0.0
056654	10	10	104	44.255	39.847
056654	10	8	131	55.745	50.192
056654	10	80	3	0.0	1.149
056654	10	81	23	0.0	8.812
056654	10	82	0	0.0	0.0
056706	10	10	98	40.664	28.739
056706	10	8	143	59.336	41.935
056706	10	80	80	0.0	23.46
056706	10	81	20	0.0	5.865
056706	10	82	0	0.0	0.0
056711	10	10	101	40.239	37.546
056711	10	8	150	59.761	55.762
056711	10	80	3	0.0	1.115
056711	10	81	15	0.0	5.576
056711	10	82	0	0.0	0.0
056719	10	10	90	36.735	34.749
056719	10	8	154	62.857	59.459
056719	10	80	2	0.0	0.772
056719	10	81	12	0.0	4.633
056719	10	82	1	0.0	0.386
056731	10	10	80	30.534	26.667
056731	10	8	182	69.466	60.667
056731	10	80	23	0.0	7.667
056731	10	81	15	0.0	5.0
056731	10	82	0	0.0	0.0
056808	10	10	88	39.64	37.768
056808	10	8	134	60.36	57.511
056808	10	80	1	0.0	0.429
056808	10	81	10	0.0	4.292
056808	10	82	0	0.0	0.0
056818	10	10	106	44.915	35.333
056818	10	8	130	55.085	43.333
056818	10	80	55	0.0	18.333
056818	10	81	9	0.0	3.0
056818	10	82	0	0.0	0.0
056940	10	10	70	31.674	23.333
056940	10	8	151	68.326	50.333
056940	10	80	64	0.0	21.333
056940	10	81	15	0.0	5.0
056940	10	82	0	0.0	0.0
056941	10	10	95	40.773	38.618
056941	10	8	137	58.798	55.691
056941	10	80	1	0.0	0.407
056941	10	81	12	0.0	4.878
056941	10	82	1	0.0	0.407
057016	10	10	85	36.957	34.836
057016	10	8	145	63.043	59.426
057016	10	80	3	0.0	1.23
057016	10	81	11	0.0	4.508
057016	10	82	0	0.0	0.0
057039	10	10	111	45.679	37.0
057039	10	8	132	54.321	44.0
057039	10	80	44	0.0	14.667
057039	10	81	13	0.0	4.333
057039	10	82	0	0.0	0.0
057047	10	10	98	39.837	32.667
057047	10	8	148	60.163	49.333
057047	10	80	38	0.0	12.667
057047	10	81	16	0.0	5.333
057047	10	82	0	0.0	0.0
057063	10	10	102	39.382	37.918
057063	10	8	157	60.618	58.364
057063	10	80	0	0.0	0.0
057063	10	81	10	0.0	3.717
057063	10	82	0	0.0	0.0
057066	10	10	99	40.574	38.224
057066	10	8	145	59.426	55.985
057066	10	80	2	0.0	0.772
057066	10	81	13	0.0	5.019
057066	10	82	0	0.0	0.0
057070	10	10	100	41.667	33.333
057070	10	8	140	58.333	46.667
057070	10	80	51	0.0	17.0
057070	10	81	9	0.0	3.0
057070	10	82	0	0.0	0.0
057113	10	10	84	42.424	32.685
057113	10	8	114	57.576	44.358
057113	10	80	44	0.0	17.121
057113	10	81	15	0.0	5.837
057113	10	82	0	0.0	0.0
057122	10	10	85	35.417	34.137
057122	10	8	154	64.167	61.847
057122	10	80	0	0.0	0.0
057122	10	81	9	0.0	3.614
057122	10	82	1	0.0	0.402
057204	10	10	92	41.256	38.655
057204	10	8	131	58.744	55.042
057204	10	80	4	0.0	1.681
057204	10	81	11	0.0	4.622
057204	10	82	0	0.0	0.0
057209	10	10	110	43.307	40.441
057209	10	8	144	56.693	52.941
057209	10	80	0	0.0	0.0
057209	10	81	18	0.0	6.618
057209	10	82	0	0.0	0.0
057224	10	10	77	46.386	44.0
057224	10	8	88	53.012	50.286
057224	10	80	3	0.0	1.714
057224	10	81	6	0.0	3.429
057224	10	82	1	0.0	0.571
057235	10	10	87	39.189	36.1
057235	10	8	134	60.36	55.602
057235	10	80	0	0.0	0.0
057235	10	81	19	0.0	7.884
057235	10	82	1	0.0	0.415
057237	10	10	110	45.455	43.825
057237	10	8	132	54.545	52.59
057237	10	80	0	0.0	0.0
057237	10	81	9	0.0	3.586
057237	10	82	0	0.0	0.0
057246	10	10	81	36.323	33.61
057246	10	8	140	62.78	58.091
057246	10	80	1	0.0	0.415
057246	10	81	17	0.0	7.054
057246	10	82	2	0.0	0.83
057263	10	10	83	33.2	30.072
057263	10	8	166	66.4	60.145
057263	10	80	0	0.0	0.0
057263	10	81	26	0.0	9.42
057263	10	82	1	0.0	0.362
057416	10	10	80	38.462	35.874
057416	10	8	128	61.538	57.399
057416	10	80	2	0.0	0.897
057416	10	81	13	0.0	5.83
057416	10	82	0	0.0	0.0
057421	10	10	70	31.963	30.043
057421	10	8	147	67.123	63.09
057421	10	80	4	0.0	1.717
057421	10	81	10	0.0	4.292
057421	10	82	2	0.0	0.858
057444	10	10	88	41.905	29.333
057444	10	8	122	58.095	40.667
057444	10	80	50	0.0	16.667
057444	10	81	40	0.0	13.333
057444	10	82	0	0.0	0.0
057561	10	10	94	40.517	38.367
057561	10	8	138	59.483	56.327
057561	10	80	3	0.0	1.224
057561	10	81	10	0.0	4.082
057561	10	82	0	0.0	0.0
057569	10	10	74	35.749	33.636
057569	10	8	133	64.251	60.455
057569	10	80	0	0.0	0.0
057569	10	81	13	0.0	5.909
057569	10	82	0	0.0	0.0
057606	10	10	79	38.35	36.574
057606	10	8	122	59.223	56.481
057606	10	80	0	0.0	0.0
057606	10	81	10	0.0	4.63
057606	10	82	5	0.0	2.315
057618	10	10	90	42.453	40.0
057618	10	8	122	57.547	54.222
057618	10	80	1	0.0	0.444
057618	10	81	12	0.0	5.333
057618	10	82	0	0.0	0.0
057695	10	10	90	41.667	39.474
057695	10	8	125	57.87	54.825
057695	10	80	3	0.0	1.316
057695	10	81	9	0.0	3.947
057695	10	82	1	0.0	0.439
057793	10	10	76	41.081	34.234
057793	10	8	100	54.054	45.045
057793	10	80	3	0.0	1.351
057793	10	81	34	0.0	15.315
057793	10	82	9	0.0	4.054
057837	10	10	90	36.735	34.483
057837	10	8	155	63.265	59.387
057837	10	80	1	0.0	0.383
057837	10	81	15	0.0	5.747
057837	10	82	0	0.0	0.0
057918	10	10	100	42.918	33.333
057918	10	8	133	57.082	44.333
057918	10	80	57	0.0	19.0
057918	10	81	10	0.0	3.333
057918	10	82	0	0.0	0.0
057929	10	10	87	37.662	35.223
057929	10	8	144	62.338	58.3
057929	10	80	2	0.0	0.81
057929	10	81	14	0.0	5.668
057929	10	82	0	0.0	0.0
057943	10	10	88	41.706	38.767
057943	10	8	121	57.346	53.304
057943	10	80	1	0.0	0.441
057943	10	81	15	0.0	6.608
057943	10	82	2	0.0	0.881
057952	10	10	75	37.879	34.091
057952	10	8	123	62.121	55.909
057952	10	80	0	0.0	0.0
057952	10	81	22	0.0	10.0
057952	10	82	0	0.0	0.0
057985	10	10	52	36.879	22.609
057985	10	8	89	63.121	38.696
057985	10	80	75	0.0	32.609
057985	10	81	14	0.0	6.087
057985	10	82	0	0.0	0.0
058167	10	10	56	42.748	38.356
058167	10	8	75	57.252	51.37
058167	10	80	0	0.0	0.0
058167	10	81	15	0.0	10.274
058167	10	82	0	0.0	0.0
058191	10	10	71	35.323	33.333
058191	10	8	130	64.677	61.033
058191	10	80	0	0.0	0.0
058191	10	81	12	0.0	5.634
058191	10	82	0	0.0	0.0
058205	10	10	98	44.545	32.667
058205	10	8	122	55.455	40.667
058205	10	80	71	0.0	23.667
058205	10	81	9	0.0	3.0
058205	10	82	0	0.0	0.0
058210	10	10	92	44.66	42.396
058210	10	8	111	53.883	51.152
058210	10	80	1	0.0	0.461
058210	10	81	10	0.0	4.608
058210	10	82	3	0.0	1.382
058218	10	10	95	42.222	41.85
058218	10	8	119	52.889	52.423
058218	10	80	2	0.0	0.881
058218	10	81	0	0.0	0.0
058218	10	82	11	0.0	4.846
058293	10	10	82	38.318	35.808
058293	10	8	129	60.28	56.332
058293	10	80	3	0.0	1.31
058293	10	81	12	0.0	5.24
058293	10	82	3	0.0	1.31
058445	10	10	80	37.915	26.667
058445	10	8	131	62.085	43.667
058445	10	80	75	0.0	25.0
058445	10	81	14	0.0	4.667
058445	10	82	0	0.0	0.0
058525	10	10	84	37.5	36.052
058525	10	8	140	62.5	60.086
058525	10	80	0	0.0	0.0
058525	10	81	9	0.0	3.863
058525	10	82	0	0.0	0.0
058554	10	10	110	100.0	88.0
058554	10	8	0	0.0	0.0
058554	10	80	1	0.0	0.8
058554	10	81	14	0.0	11.2
058554	10	82	0	0.0	0.0
058586	10	10	102	46.364	43.038
058586	10	8	117	53.182	49.367
058586	10	80	1	0.0	0.422
058586	10	81	16	0.0	6.751
058586	10	82	1	0.0	0.422
058596	10	10	90	41.096	38.298
058596	10	8	128	58.447	54.468
058596	10	80	1	0.0	0.426
058596	10	81	15	0.0	6.383
058596	10	82	1	0.0	0.426
058617	10	10	87	41.038	29.0
058617	10	8	125	58.962	41.667
058617	10	80	76	0.0	25.333
058617	10	81	12	0.0	4.0
058617	10	82	0	0.0	0.0
058623	10	10	97	46.19	42.174
058623	10	8	113	53.81	49.13
058623	10	80	3	0.0	1.304
058623	10	81	17	0.0	7.391
058623	10	82	0	0.0	0.0
058634	10	10	96	39.506	37.5
058634	10	8	146	60.082	57.031
058634	10	80	2	0.0	0.781
058634	10	81	11	0.0	4.297
058634	10	82	1	0.0	0.391
058650	10	10	86	42.365	38.739
058650	10	8	116	57.143	52.252
058650	10	80	2	0.0	0.901
058650	10	81	17	0.0	7.658
058650	10	82	1	0.0	0.45
058670	10	10	77	37.019	28.309
058670	10	8	131	62.981	48.162
058670	10	80	54	0.0	19.853
058670	10	81	10	0.0	3.676
058670	10	82	0	0.0	0.0
058672	10	10	92	43.192	40.529
058672	10	8	121	56.808	53.304
058672	10	80	1	0.0	0.441
058672	10	81	13	0.0	5.727
058672	10	82	0	0.0	0.0
058751	10	10	78	33.913	26.0
058751	10	8	152	66.087	50.667
058751	10	80	60	0.0	20.0
058751	10	81	10	0.0	3.333
058751	10	82	0	0.0	0.0
058856	10	10	63	19.874	18.862
058856	10	8	254	80.126	76.048
058856	10	80	0	0.0	0.0
058856	10	81	17	0.0	5.09
058856	10	82	0	0.0	0.0
059003	10	10	41	18.386	17.904
059003	10	8	182	81.614	79.476
059003	10	80	2	0.0	0.873
059003	10	81	4	0.0	1.747
059003	10	82	0	0.0	0.0
059015	10	10	43	19.457	18.534
059015	10	8	178	80.543	76.724
059015	10	80	0	0.0	0.0
059015	10	81	11	0.0	4.741
059015	10	82	0	0.0	0.0
059019	10	10	44	20.091	19.214
059019	10	8	173	78.995	75.546
059019	10	80	1	0.0	0.437
059019	10	81	9	0.0	3.93
059019	10	82	2	0.0	0.873
059042	10	10	47	18.504	17.472
059042	10	8	206	81.102	76.58
059042	10	80	1	0.0	0.372
059042	10	81	14	0.0	5.204
059042	10	82	1	0.0	0.372
059083	10	10	60	26.316	24.691
059083	10	8	168	73.684	69.136
059083	10	80	2	0.0	0.823
059083	10	81	13	0.0	5.35
059083	10	82	0	0.0	0.0
059094	10	10	38	16.17	15.447
059094	10	8	197	83.83	80.081
059094	10	80	0	0.0	0.0
059094	10	81	11	0.0	4.472
059094	10	82	0	0.0	0.0
059167	10	10	36	15.517	15.0
059167	10	8	196	84.483	81.667
059167	10	80	2	0.0	0.833
059167	10	81	6	0.0	2.5
059167	10	82	0	0.0	0.0
059185	10	10	28	12.5	11.915
059185	10	8	195	87.054	82.979
059185	10	80	0	0.0	0.0
059185	10	81	11	0.0	4.681
059185	10	82	1	0.0	0.426
059191	10	10	47	21.759	20.259
059191	10	8	169	78.241	72.845
059191	10	80	0	0.0	0.0
059191	10	81	16	0.0	6.897
059191	10	82	0	0.0	0.0
059270	10	10	49	22.477	22.172
059270	10	8	168	77.064	76.018
059270	10	80	0	0.0	0.0
059270	10	81	3	0.0	1.357
059270	10	82	1	0.0	0.452
059306	10	10	39	19.697	18.14
059306	10	8	158	79.798	73.488
059306	10	80	2	0.0	0.93
059306	10	81	15	0.0	6.977
059306	10	82	1	0.0	0.465
059316	10	10	41	17.826	17.083
059316	10	8	188	81.739	78.333
059316	10	80	0	0.0	0.0
059316	10	81	10	0.0	4.167
059316	10	82	1	0.0	0.417
059371	10	10	32	12.403	11.808
059371	10	8	226	87.597	83.395
059371	10	80	2	0.0	0.738
059371	10	81	11	0.0	4.059
059371	10	82	0	0.0	0.0
059383	10	10	28	13.592	12.785
059383	10	8	178	86.408	81.279
059383	10	80	1	0.0	0.457
059383	10	81	12	0.0	5.479
059383	10	82	0	0.0	0.0
059387	10	10	43	19.907	19.027
059387	10	8	171	79.167	75.664
059387	10	80	1	0.0	0.442
059387	10	81	9	0.0	3.982
059387	10	82	2	0.0	0.885
059396	10	10	39	19.024	18.224
059396	10	8	165	80.488	77.103
059396	10	80	0	0.0	0.0
059396	10	81	9	0.0	4.206
059396	10	82	1	0.0	0.467
059411	10	10	32	14.286	13.675
059411	10	8	191	85.268	81.624
059411	10	80	0	0.0	0.0
059411	10	81	10	0.0	4.274
059411	10	82	1	0.0	0.427
059486	10	10	90	37.5	30.1
059486	10	8	150	62.5	50.167
059486	10	80	50	0.0	16.722
059486	10	81	9	0.0	3.01
059486	10	82	0	0.0	0.0
059541	10	10	94	40.693	36.863
059541	10	8	136	58.874	53.333
059541	10	80	3	0.0	1.176
059541	10	81	21	0.0	8.235
059541	10	82	1	0.0	0.392
059560	10	10	86	30.175	28.763
059560	10	8	136	47.719	45.485
059560	10	80	0	0.0	0.0
059560	10	81	14	0.0	4.682
059560	10	82	63	0.0	21.07
059584	10	10	61	27.854	20.401
059584	10	8	158	72.146	52.843
059584	10	80	66	0.0	22.074
059584	10	81	14	0.0	4.682
059584	10	82	0	0.0	0.0
059585	10	10	79	36.073	26.421
059585	10	8	140	63.927	46.823
059585	10	80	69	0.0	23.077
059585	10	81	11	0.0	3.679
059585	10	82	0	0.0	0.0
059668	10	10	83	35.931	27.759
059668	10	8	148	64.069	49.498
059668	10	80	54	0.0	18.06
059668	10	81	14	0.0	4.682
059668	10	82	0	0.0	0.0
059680	10	10	106	41.732	39.7
059680	10	8	148	58.268	55.431
059680	10	80	0	0.0	0.0
059680	10	81	13	0.0	4.869
059680	10	82	0	0.0	0.0
059874	10	10	89	37.395	35.458
059874	10	8	148	62.185	58.964
059874	10	80	0	0.0	0.0
059874	10	81	13	0.0	5.179
059874	10	82	1	0.0	0.398
059890	10	10	80	36.866	33.755
059890	10	8	136	62.673	57.384
059890	10	80	3	0.0	1.266
059890	10	81	17	0.0	7.173
059890	10	82	1	0.0	0.422
060045	10	10	65	31.401	29.279
060045	10	8	142	68.599	63.964
060045	10	80	1	0.0	0.45
060045	10	81	14	0.0	6.306
060045	10	82	0	0.0	0.0
060087	10	10	78	36.111	34.667
060087	10	8	136	62.963	60.444
060087	10	80	0	0.0	0.0
060087	10	81	9	0.0	4.0
060087	10	82	2	0.0	0.889
060094	10	10	108	45.378	43.373
060094	10	8	120	50.42	48.193
060094	10	80	2	0.0	0.803
060094	10	81	9	0.0	3.614
060094	10	82	10	0.0	4.016
060166	10	10	95	40.948	38.153
060166	10	8	135	58.19	54.217
060166	10	80	0	0.0	0.0
060166	10	81	17	0.0	6.827
060166	10	82	2	0.0	0.803
060247	10	10	94	38.211	36.719
060247	10	8	152	61.789	59.375
060247	10	80	1	0.0	0.391
060247	10	81	9	0.0	3.516
060247	10	82	0	0.0	0.0
060267	10	10	97	41.102	39.271
060267	10	8	139	58.898	56.275
060267	10	80	1	0.0	0.405
060267	10	81	10	0.0	4.049
060267	10	82	0	0.0	0.0
060271	10	10	75	31.646	25.084
060271	10	8	162	68.354	54.181
060271	10	80	54	0.0	18.06
060271	10	81	8	0.0	2.676
060271	10	82	0	0.0	0.0
060308	10	10	75	100.0	89.286
060308	10	8	0	0.0	0.0
060308	10	80	4	0.0	4.762
060308	10	81	5	0.0	5.952
060308	10	82	0	0.0	0.0
060325	10	10	95	40.598	37.549
060325	10	8	138	58.974	54.545
060325	10	80	1	0.0	0.395
060325	10	81	18	0.0	7.115
060325	10	82	1	0.0	0.395
060329	10	10	91	37.759	30.435
060329	10	8	150	62.241	50.167
060329	10	80	41	0.0	13.712
060329	10	81	17	0.0	5.686
060329	10	82	0	0.0	0.0
060368	10	10	67	30.455	27.459
060368	10	8	153	69.545	62.705
060368	10	80	1	0.0	0.41
060368	10	81	23	0.0	9.426
060368	10	82	0	0.0	0.0
060395	10	10	90	37.657	36.0
060395	10	8	149	62.343	59.6
060395	10	80	0	0.0	0.0
060395	10	81	11	0.0	4.4
060395	10	82	0	0.0	0.0
060401	10	10	77	34.842	25.753
060401	10	8	144	65.158	48.161
060401	10	80	65	0.0	21.739
060401	10	81	13	0.0	4.348
060401	10	82	0	0.0	0.0
060460	10	10	97	40.417	38.956
060460	10	8	140	58.333	56.225
060460	10	80	1	0.0	0.402
060460	10	81	8	0.0	3.213
060460	10	82	3	0.0	1.205
060461	10	10	98	40.664	38.735
060461	10	8	140	58.091	55.336
060461	10	80	0	0.0	0.0
060461	10	81	12	0.0	4.743
060461	10	82	3	0.0	1.186
060517	10	10	79	39.303	36.406
060517	10	8	122	60.697	56.221
060517	10	80	2	0.0	0.922
060517	10	81	14	0.0	6.452
060517	10	82	0	0.0	0.0
060559	10	10	75	35.885	32.895
060559	10	8	132	63.158	57.895
060559	10	80	0	0.0	0.0
060559	10	81	19	0.0	8.333
060559	10	82	2	0.0	0.877
060641	10	10	65	32.178	30.374
060641	10	8	135	66.832	63.084
060641	10	80	1	0.0	0.467
060641	10	81	11	0.0	5.14
060641	10	82	2	0.0	0.935
060661	10	10	96	39.024	37.066
060661	10	8	150	60.976	57.915
060661	10	80	1	0.0	0.386
060661	10	81	12	0.0	4.633
060661	10	82	0	0.0	0.0
060672	10	10	88	38.261	36.364
060672	10	8	142	61.739	58.678
060672	10	80	1	0.0	0.413
060672	10	81	11	0.0	4.545
060672	10	82	0	0.0	0.0
060675	10	10	83	38.426	27.759
060675	10	8	133	61.574	44.482
060675	10	80	69	0.0	23.077
060675	10	81	14	0.0	4.682
060675	10	82	0	0.0	0.0
060743	10	10	91	40.444	39.912
060743	10	8	134	59.556	58.772
060743	10	80	3	0.0	1.316
060743	10	81	0	0.0	0.0
060743	10	82	0	0.0	0.0
060874	10	10	97	42.731	27.874
060874	10	8	130	57.269	37.356
060874	10	80	2	0.0	0.575
060874	10	81	119	0.0	34.195
060874	10	82	0	0.0	0.0
061005	10	10	72	28.685	26.966
061005	10	8	179	71.315	67.041
061005	10	80	0	0.0	0.0
061005	10	81	16	0.0	5.993
061005	10	82	0	0.0	0.0
061021	10	10	125	52.083	50.0
061021	10	8	115	47.917	46.0
061021	10	80	2	0.0	0.8
061021	10	81	8	0.0	3.2
061021	10	82	0	0.0	0.0
061026	10	10	101	39.453	37.828
061026	10	8	152	59.375	56.929
061026	10	80	1	0.0	0.375
061026	10	81	10	0.0	3.745
061026	10	82	3	0.0	1.124
061127	10	10	95	28.274	27.457
061127	10	8	241	71.726	69.653
061127	10	80	0	0.0	0.0
061127	10	81	10	0.0	2.89
061127	10	82	0	0.0	0.0
061200	10	10	68	31.481	29.825
061200	10	8	148	68.519	64.912
061200	10	80	0	0.0	0.0
061200	10	81	12	0.0	5.263
061200	10	82	0	0.0	0.0
061310	10	10	98	43.363	40.164
061310	10	8	127	56.195	52.049
061310	10	80	1	0.0	0.41
061310	10	81	17	0.0	6.967
061310	10	82	1	0.0	0.41
061527	10	10	79	35.111	35.111
061527	10	8	137	60.889	60.889
061527	10	80	0	0.0	0.0
061527	10	81	0	0.0	0.0
061527	10	82	9	0.0	4.0
061530	10	10	74	24.749	23.871
061530	10	8	225	75.251	72.581
061530	10	80	0	0.0	0.0
061530	10	81	11	0.0	3.548
061530	10	82	0	0.0	0.0
061622	10	10	112	48.485	44.98
061622	10	8	119	51.515	47.791
061622	10	80	0	0.0	0.0
061622	10	81	18	0.0	7.229
061622	10	82	0	0.0	0.0
061647	10	10	79	33.054	30.98
061647	10	8	159	66.527	62.353
061647	10	80	0	0.0	0.0
061647	10	81	16	0.0	6.275
061647	10	82	1	0.0	0.392
061655	10	10	80	35.088	32.787
061655	10	8	148	64.912	60.656
061655	10	80	0	0.0	0.0
061655	10	81	16	0.0	6.557
061655	10	82	0	0.0	0.0
061680	10	10	81	36.652	27.09
061680	10	8	140	63.348	46.823
061680	10	80	70	0.0	23.411
061680	10	81	8	0.0	2.676
061680	10	82	0	0.0	0.0
061681	10	10	105	42.169	35.117
061681	10	8	144	57.831	48.161
061681	10	80	39	0.0	13.043
061681	10	81	11	0.0	3.679
061681	10	82	0	0.0	0.0
061685	10	10	82	16.633	16.335
061685	10	8	160	32.454	31.873
061685	10	80	1	0.0	0.199
061685	10	81	8	0.0	1.594
061685	10	82	251	0.0	50.0
061706	10	10	92	39.827	36.948
061706	10	8	139	60.173	55.823
061706	10	80	0	0.0	0.0
061706	10	81	18	0.0	7.229
061706	10	82	0	0.0	0.0
061822	10	10	85	34.836	32.819
061822	10	8	159	65.164	61.39
061822	10	80	0	0.0	0.0
061822	10	81	15	0.0	5.792
061822	10	82	0	0.0	0.0
061840	10	10	86	36.441	28.763
061840	10	8	150	63.559	50.167
061840	10	80	55	0.0	18.395
061840	10	81	8	0.0	2.676
061840	10	82	0	0.0	0.0
061856	10	10	99	45.413	42.489
061856	10	8	119	54.587	51.073
061856	10	80	0	0.0	0.0
061856	10	81	15	0.0	6.438
061856	10	82	0	0.0	0.0
061883	10	10	87	41.232	37.339
061883	10	8	121	57.346	51.931
061883	10	80	0	0.0	0.0
061883	10	81	22	0.0	9.442
061883	10	82	3	0.0	1.288
061899	10	10	85	36.325	34.553
061899	10	8	149	63.675	60.569
061899	10	80	1	0.0	0.407
061899	10	81	11	0.0	4.472
061899	10	82	0	0.0	0.0
061901	10	10	80	36.697	34.934
061901	10	8	138	63.303	60.262
061901	10	80	0	0.0	0.0
061901	10	81	11	0.0	4.803
061901	10	82	0	0.0	0.0
061909	10	10	102	45.333	43.22
061909	10	8	123	54.667	52.119
061909	10	80	4	0.0	1.695
061909	10	81	7	0.0	2.966
061909	10	82	0	0.0	0.0
061910	10	10	0	0.0	0.0
061910	10	8	131	100.0	100.0
061910	10	80	0	0.0	0.0
061910	10	81	0	0.0	0.0
061910	10	82	0	0.0	0.0
061959	10	10	106	40.613	40.613
061959	10	8	136	52.107	52.107
061959	10	80	0	0.0	0.0
061959	10	81	0	0.0	0.0
061959	10	82	19	0.0	7.28
062037	10	10	95	41.485	38.153
062037	10	8	133	58.079	53.414
062037	10	80	3	0.0	1.205
062037	10	81	17	0.0	6.827
062037	10	82	1	0.0	0.402
062049	10	10	99	46.698	33.788
062049	10	8	113	53.302	38.567
062049	10	80	59	0.0	20.137
062049	10	81	22	0.0	7.509
062049	10	82	0	0.0	0.0
062054	10	10	103	47.907	44.783
062054	10	8	112	52.093	48.696
062054	10	80	2	0.0	0.87
062054	10	81	13	0.0	5.652
062054	10	82	0	0.0	0.0
062149	10	10	111	40.959	40.959
062149	10	8	147	54.244	54.244
062149	10	80	0	0.0	0.0
062149	10	81	0	0.0	0.0
062149	10	82	13	0.0	4.797
062234	10	10	81	48.795	47.093
062234	10	8	85	51.205	49.419
062234	10	80	0	0.0	0.0
062234	10	81	6	0.0	3.488
062234	10	82	0	0.0	0.0
062280	10	10	102	42.857	40.157
062280	10	8	130	54.622	51.181
062280	10	80	2	0.0	0.787
062280	10	81	14	0.0	5.512
062280	10	82	6	0.0	2.362
062513	10	10	110	47.826	44.898
062513	10	8	119	51.739	48.571
062513	10	80	0	0.0	0.0
062513	10	81	15	0.0	6.122
062513	10	82	1	0.0	0.408
062525	10	10	107	45.726	43.852
062525	10	8	126	53.846	51.639
062525	10	80	1	0.0	0.41
062525	10	81	9	0.0	3.689
062525	10	82	1	0.0	0.41
062531	10	10	127	51.837	49.804
062531	10	8	118	48.163	46.275
062531	10	80	1	0.0	0.392
062531	10	81	9	0.0	3.529
062531	10	82	0	0.0	0.0
062830	10	10	116	47.541	44.444
062830	10	8	128	52.459	49.042
062830	10	80	4	0.0	1.533
062830	10	81	13	0.0	4.981
062830	10	82	0	0.0	0.0
062850	10	10	70	41.42	38.674
062850	10	8	98	57.988	54.144
062850	10	80	1	0.0	0.552
062850	10	81	11	0.0	6.077
062850	10	82	1	0.0	0.552
062855	10	10	99	47.596	33.0
062855	10	8	109	52.404	36.333
062855	10	80	67	0.0	22.333
062855	10	81	25	0.0	8.333
062855	10	82	0	0.0	0.0
062878	10	10	121	52.155	48.594
062878	10	8	108	46.552	43.373
062878	10	80	3	0.0	1.205
062878	10	81	14	0.0	5.622
062878	10	82	3	0.0	1.205
062947	10	10	97	43.498	40.586
062947	10	8	119	53.363	49.791
062947	10	80	3	0.0	1.255
062947	10	81	13	0.0	5.439
062947	10	82	7	0.0	2.929
062950	10	10	91	39.565	37.143
062950	10	8	138	60.0	56.327
062950	10	80	3	0.0	1.224
062950	10	81	12	0.0	4.898
062950	10	82	1	0.0	0.408
063116	10	10	52	22.318	21.577
063116	10	8	170	72.961	70.539
063116	10	80	2	0.0	0.83
063116	10	81	6	0.0	2.49
063116	10	82	11	0.0	4.564
063227	10	10	117	48.75	45.0
063227	10	8	123	51.25	47.308
063227	10	80	2	0.0	0.769
063227	10	81	18	0.0	6.923
063227	10	82	0	0.0	0.0
063296	10	10	127	61.353	55.702
063296	10	8	80	38.647	35.088
063296	10	80	3	0.0	1.316
063296	10	81	18	0.0	7.895
063296	10	82	0	0.0	0.0
063317	10	10	81	39.706	36.323
063317	10	8	123	60.294	55.157
063317	10	80	2	0.0	0.897
063317	10	81	17	0.0	7.623
063317	10	82	0	0.0	0.0
063356	10	10	91	40.088	37.917
063356	10	8	134	59.031	55.833
063356	10	80	4	0.0	1.667
063356	10	81	9	0.0	3.75
063356	10	82	2	0.0	0.833
063445	10	10	134	57.511	55.833
063445	10	8	97	41.631	40.417
063445	10	80	1	0.0	0.417
063445	10	81	6	0.0	2.5
063445	10	82	2	0.0	0.833
063632	10	10	117	48.75	45.882
063632	10	8	123	51.25	48.235
063632	10	80	1	0.0	0.392
063632	10	81	14	0.0	5.49
063632	10	82	0	0.0	0.0
063679	10	10	112	53.846	53.589
063679	10	8	96	46.154	45.933
063679	10	80	1	0.0	0.478
063679	10	81	0	0.0	0.0
063679	10	82	0	0.0	0.0
063686	10	10	112	53.589	49.339
063686	10	8	97	46.411	42.731
063686	10	80	0	0.0	0.0
063686	10	81	18	0.0	7.93
063686	10	82	0	0.0	0.0
063695	10	10	112	59.259	55.446
063695	10	8	76	40.212	37.624
063695	10	80	0	0.0	0.0
063695	10	81	13	0.0	6.436
063695	10	82	1	0.0	0.495
063720	10	10	129	50.988	47.253
063720	10	8	124	49.012	45.421
063720	10	80	0	0.0	0.0
063720	10	81	20	0.0	7.326
063720	10	82	0	0.0	0.0
063722	10	10	106	54.639	51.961
063722	10	8	88	45.361	43.137
063722	10	80	0	0.0	0.0
063722	10	81	10	0.0	4.902
063722	10	82	0	0.0	0.0
063723	10	10	0	0.0	0.0
063723	10	8	77	100.0	73.333
063723	10	80	2	0.0	1.905
063723	10	81	26	0.0	24.762
063723	10	82	0	0.0	0.0
063758	10	10	114	55.882	53.774
063758	10	8	88	43.137	41.509
063758	10	80	1	0.0	0.472
063758	10	81	7	0.0	3.302
063758	10	82	2	0.0	0.943
064045	10	10	106	45.494	43.802
064045	10	8	127	54.506	52.479
064045	10	80	0	0.0	0.0
064045	10	81	9	0.0	3.719
064045	10	82	0	0.0	0.0
064182	10	10	90	40.909	30.0
064182	10	8	130	59.091	43.333
064182	10	80	58	0.0	19.333
064182	10	81	22	0.0	7.333
064182	10	82	0	0.0	0.0
064254	10	10	101	41.224	38.258
064254	10	8	144	58.776	54.545
064254	10	80	1	0.0	0.379
064254	10	81	18	0.0	6.818
064254	10	82	0	0.0	0.0
064264	10	10	68	51.515	45.333
064264	10	8	63	47.727	42.0
064264	10	80	2	0.0	1.333
064264	10	81	16	0.0	10.667
064264	10	82	1	0.0	0.667
064326	10	10	82	35.652	33.333
064326	10	8	148	64.348	60.163
064326	10	80	3	0.0	1.22
064326	10	81	13	0.0	5.285
064326	10	82	0	0.0	0.0
064358	10	10	95	43.578	39.095
064358	10	8	122	55.963	50.206
064358	10	80	4	0.0	1.646
064358	10	81	21	0.0	8.642
064358	10	82	1	0.0	0.412
064815	10	10	97	42.358	40.928
064815	10	8	130	56.769	54.852
064815	10	80	3	0.0	1.266
064815	10	81	5	0.0	2.11
064815	10	82	2	0.0	0.844
064989	10	10	86	43.0	28.667
064989	10	8	114	57.0	38.0
064989	10	80	84	0.0	28.0
064989	10	81	16	0.0	5.333
064989	10	82	0	0.0	0.0
065016	10	10	84	41.379	39.437
065016	10	8	118	58.128	55.399
065016	10	80	1	0.0	0.469
065016	10	81	9	0.0	4.225
065016	10	82	1	0.0	0.469
065068	10	10	87	30.851	29.293
065068	10	8	195	69.149	65.657
065068	10	80	1	0.0	0.337
065068	10	81	14	0.0	4.714
065068	10	82	0	0.0	0.0
065152	10	10	60	43.478	40.816
065152	10	8	77	55.797	52.381
065152	10	80	0	0.0	0.0
065152	10	81	9	0.0	6.122
065152	10	82	1	0.0	0.68
065286	10	10	94	47.0	42.727
065286	10	8	106	53.0	48.182
065286	10	80	3	0.0	1.364
065286	10	81	17	0.0	7.727
065286	10	82	0	0.0	0.0
065298	10	10	79	27.526	26.333
065298	10	8	129	44.948	43.0
065298	10	80	1	0.0	0.333
065298	10	81	12	0.0	4.0
065298	10	82	79	0.0	26.333
065336	10	10	82	44.809	40.394
065336	10	8	101	55.191	49.754
065336	10	80	2	0.0	0.985
065336	10	81	18	0.0	8.867
065336	10	82	0	0.0	0.0
065380	10	10	26	92.857	86.667
065380	10	8	2	7.143	6.667
065380	10	80	0	0.0	0.0
065380	10	81	2	0.0	6.667
065380	10	82	0	0.0	0.0
065555	10	10	111	52.607	50.226
065555	10	8	100	47.393	45.249
065555	10	80	1	0.0	0.452
065555	10	81	9	0.0	4.072
065555	10	82	0	0.0	0.0
065608	10	10	79	41.361	39.899
065608	10	8	112	58.639	56.566
065608	10	80	0	0.0	0.0
065608	10	81	7	0.0	3.535
065608	10	82	0	0.0	0.0
065898	10	10	45	33.333	30.822
065898	10	8	90	66.667	61.644
065898	10	80	2	0.0	1.37
065898	10	81	9	0.0	6.164
065898	10	82	0	0.0	0.0
065939	10	10	70	36.649	36.649
065939	10	8	121	63.351	63.351
065939	10	80	0	0.0	0.0
065939	10	81	0	0.0	0.0
065939	10	82	0	0.0	0.0
065962	10	10	94	43.721	41.228
065962	10	8	120	55.814	52.632
065962	10	80	2	0.0	0.877
065962	10	81	11	0.0	4.825
065962	10	82	1	0.0	0.439
066095	10	10	78	38.424	36.792
066095	10	8	122	60.099	57.547
066095	10	80	1	0.0	0.472
066095	10	81	8	0.0	3.774
066095	10	82	3	0.0	1.415
066122	10	10	48	30.968	29.091
066122	10	8	107	69.032	64.848
066122	10	80	0	0.0	0.0
066122	10	81	10	0.0	6.061
066122	10	82	0	0.0	0.0
066124	10	10	44	17.6	16.541
066124	10	8	206	82.4	77.444
066124	10	80	3	0.0	1.128
066124	10	81	13	0.0	4.887
066124	10	82	0	0.0	0.0
066247	10	10	67	34.184	32.057
066247	10	8	129	65.816	61.722
066247	10	80	0	0.0	0.0
066247	10	81	13	0.0	6.22
066247	10	82	0	0.0	0.0
066309	10	10	113	63.128	62.088
066309	10	8	65	36.313	35.714
066309	10	80	0	0.0	0.0
066309	10	81	3	0.0	1.648
066309	10	82	1	0.0	0.549
066323	10	10	85	56.291	51.205
066323	10	8	66	43.709	39.759
066323	10	80	5	0.0	3.012
066323	10	81	10	0.0	6.024
066323	10	82	0	0.0	0.0
066344	10	10	94	56.287	39.662
066344	10	8	73	43.713	30.802
066344	10	80	0	0.0	0.0
066344	10	81	70	0.0	29.536
066344	10	82	0	0.0	0.0
066541	10	10	0	0.0	0.0
066541	10	8	41	100.0	89.13
066541	10	80	2	0.0	4.348
066541	10	81	3	0.0	6.522
066541	10	82	0	0.0	0.0
066596	10	10	76	43.931	41.304
066596	10	8	96	55.491	52.174
066596	10	80	2	0.0	1.087
066596	10	81	9	0.0	4.891
066596	10	82	1	0.0	0.543
066715	10	10	20	32.258	30.303
066715	10	8	42	67.742	63.636
066715	10	80	2	0.0	3.03
066715	10	81	2	0.0	3.03
066715	10	82	0	0.0	0.0
066735	10	10	93	73.81	69.925
066735	10	8	33	26.19	24.812
066735	10	80	1	0.0	0.752
066735	10	81	6	0.0	4.511
066735	10	82	0	0.0	0.0
066753	10	10	75	42.857	41.899
066753	10	8	96	54.857	53.631
066753	10	80	1	0.0	0.559
066753	10	81	3	0.0	1.676
066753	10	82	4	0.0	2.235
066837	10	10	32	25.806	24.242
066837	10	8	92	74.194	69.697
066837	10	80	1	0.0	0.758
066837	10	81	7	0.0	5.303
066837	10	82	0	0.0	0.0
066933	10	10	83	48.538	46.111
066933	10	8	88	51.462	48.889
066933	10	80	0	0.0	0.0
066933	10	81	9	0.0	5.0
066933	10	82	0	0.0	0.0
067084	10	10	42	27.451	24.419
067084	10	8	111	72.549	64.535
067084	10	80	3	0.0	1.744
067084	10	81	16	0.0	9.302
067084	10	82	0	0.0	0.0
067200	10	10	35	34.653	30.702
067200	10	8	66	65.347	57.895
067200	10	80	0	0.0	0.0
067200	10	81	13	0.0	11.404
067200	10	82	0	0.0	0.0
067207	10	10	20	29.851	27.027
067207	10	8	46	68.657	62.162
067207	10	80	1	0.0	1.351
067207	10	81	6	0.0	8.108
067207	10	82	1	0.0	1.351
067258	10	10	112	65.882	64.74
067258	10	8	58	34.118	33.526
067258	10	80	0	0.0	0.0
067258	10	81	3	0.0	1.734
067258	10	82	0	0.0	0.0
067374	10	10	25	34.247	26.316
067374	10	8	48	65.753	50.526
067374	10	80	0	0.0	0.0
067374	10	81	22	0.0	23.158
067374	10	82	0	0.0	0.0
067412	10	10	155	70.776	70.776
067412	10	8	64	29.224	29.224
067412	10	80	0	0.0	0.0
067412	10	81	0	0.0	0.0
067412	10	82	0	0.0	0.0
067440	10	10	124	66.31	46.97
067440	10	8	63	33.69	23.864
067440	10	80	62	0.0	23.485
067440	10	81	15	0.0	5.682
067440	10	82	0	0.0	0.0
067530	10	10	116	57.426	54.976
067530	10	8	85	42.079	40.284
067530	10	80	3	0.0	1.422
067530	10	81	6	0.0	2.844
067530	10	82	1	0.0	0.474
067603	10	10	89	60.959	38.696
067603	10	8	57	39.041	24.783
067603	10	80	75	0.0	32.609
067603	10	81	9	0.0	3.913
067603	10	82	0	0.0	0.0
067786	10	10	141	89.241	88.679
067786	10	8	17	10.759	10.692
067786	10	80	0	0.0	0.0
067786	10	81	1	0.0	0.629
067786	10	82	0	0.0	0.0
068046	10	10	176	73.029	70.683
068046	10	8	65	26.971	26.104
068046	10	80	0	0.0	0.0
068046	10	81	8	0.0	3.213
068046	10	82	0	0.0	0.0
068266	10	10	147	65.625	51.042
068266	10	8	77	34.375	26.736
068266	10	80	54	0.0	18.75
068266	10	81	10	0.0	3.472
068266	10	82	0	0.0	0.0
068434	10	10	130	63.107	59.091
068434	10	8	76	36.893	34.545
068434	10	80	4	0.0	1.818
068434	10	81	10	0.0	4.545
068434	10	82	0	0.0	0.0
068461	10	10	120	64.516	60.302
068461	10	8	66	35.484	33.166
068461	10	80	0	0.0	0.0
068461	10	81	13	0.0	6.533
068461	10	82	0	0.0	0.0
068538	10	10	0	0.0	0.0
068538	10	8	48	100.0	77.419
068538	10	80	1	0.0	1.613
068538	10	81	13	0.0	20.968
068538	10	82	0	0.0	0.0
068550	10	10	0	0.0	0.0
068550	10	8	50	100.0	86.207
068550	10	80	4	0.0	6.897
068550	10	81	4	0.0	6.897
068550	10	82	0	0.0	0.0
068580	10	10	113	69.325	64.943
068580	10	8	50	30.675	28.736
068580	10	80	1	0.0	0.575
068580	10	81	10	0.0	5.747
068580	10	82	0	0.0	0.0
068726	10	10	156	76.098	69.643
068726	10	8	49	23.902	21.875
068726	10	80	2	0.0	0.893
068726	10	81	17	0.0	7.589
068726	10	82	0	0.0	0.0
068795	10	10	156	78.788	73.239
068795	10	8	42	21.212	19.718
068795	10	80	1	0.0	0.469
068795	10	81	14	0.0	6.573
068795	10	82	0	0.0	0.0
068847	10	10	92	77.311	73.016
068847	10	8	27	22.689	21.429
068847	10	80	1	0.0	0.794
068847	10	81	6	0.0	4.762
068847	10	82	0	0.0	0.0
068887	10	10	57	31.148	29.231
068887	10	8	124	67.76	63.59
068887	10	80	2	0.0	1.026
068887	10	81	10	0.0	5.128
068887	10	82	2	0.0	1.026
068906	10	10	68	31.776	30.909
068906	10	8	146	68.224	66.364
068906	10	80	1	0.0	0.455
068906	10	81	5	0.0	2.273
068906	10	82	0	0.0	0.0
068908	10	10	58	30.688	29.146
068908	10	8	130	68.783	65.327
068908	10	80	3	0.0	1.508
068908	10	81	7	0.0	3.518
068908	10	82	1	0.0	0.503
068994	10	10	83	56.849	56.081
068994	10	8	63	43.151	42.568
068994	10	80	2	0.0	1.351
068994	10	81	0	0.0	0.0
068994	10	82	0	0.0	0.0
069062	10	10	49	31.21	28.824
069062	10	8	107	68.153	62.941
069062	10	80	0	0.0	0.0
069062	10	81	13	0.0	7.647
069062	10	82	1	0.0	0.588
069113	10	10	27	27.551	26.733
069113	10	8	71	72.449	70.297
069113	10	80	2	0.0	1.98
069113	10	81	1	0.0	0.99
069113	10	82	0	0.0	0.0
069196	10	10	92	39.149	35.938
069196	10	8	143	60.851	55.859
069196	10	80	1	0.0	0.391
069196	10	81	20	0.0	7.813
069196	10	82	0	0.0	0.0
069201	10	10	52	30.058	30.058
069201	10	8	121	69.942	69.942
069201	10	80	0	0.0	0.0
069201	10	81	0	0.0	0.0
069201	10	82	0	0.0	0.0
069209	10	10	73	35.266	33.796
069209	10	8	134	64.734	62.037
069209	10	80	0	0.0	0.0
069209	10	81	9	0.0	4.167
069209	10	82	0	0.0	0.0
069226	10	10	21	12.727	11.732
069226	10	8	144	87.273	80.447
069226	10	80	0	0.0	0.0
069226	10	81	14	0.0	7.821
069226	10	82	0	0.0	0.0
069247	10	10	63	25.1	23.954
069247	10	8	187	74.502	71.103
069247	10	80	0	0.0	0.0
069247	10	81	12	0.0	4.563
069247	10	82	1	0.0	0.38
069259	10	10	61	27.354	20.401
069259	10	8	162	72.646	54.181
069259	10	80	67	0.0	22.408
069259	10	81	9	0.0	3.01
069259	10	82	0	0.0	0.0
069271	10	10	70	30.973	28.0
069271	10	8	155	68.584	62.0
069271	10	80	1	0.0	0.4
069271	10	81	23	0.0	9.2
069271	10	82	1	0.0	0.4
069293	10	10	67	31.308	29.386
069293	10	8	147	68.692	64.474
069293	10	80	0	0.0	0.0
069293	10	81	14	0.0	6.14
069293	10	82	0	0.0	0.0
069295	10	10	62	28.311	26.84
069295	10	8	157	71.689	67.965
069295	10	80	0	0.0	0.0
069295	10	81	12	0.0	5.195
069295	10	82	0	0.0	0.0
069384	10	10	68	30.357	22.742
069384	10	8	156	69.643	52.174
069384	10	80	63	0.0	21.07
069384	10	81	12	0.0	4.013
069384	10	82	0	0.0	0.0
069388	10	10	74	33.636	31.897
069388	10	8	146	66.364	62.931
069388	10	80	1	0.0	0.431
069388	10	81	11	0.0	4.741
069388	10	82	0	0.0	0.0
069403	10	10	71	31.696	29.958
069403	10	8	153	68.304	64.557
069403	10	80	0	0.0	0.0
069403	10	81	13	0.0	5.485
069403	10	82	0	0.0	0.0
069507	10	10	86	34.677	32.7
069507	10	8	161	64.919	61.217
069507	10	80	0	0.0	0.0
069507	10	81	15	0.0	5.703
069507	10	82	1	0.0	0.38
069593	10	10	82	41.206	27.425
069593	10	8	117	58.794	39.13
069593	10	80	81	0.0	27.09
069593	10	81	19	0.0	6.355
069593	10	82	0	0.0	0.0
069596	10	10	76	37.073	33.929
069596	10	8	129	62.927	57.589
069596	10	80	2	0.0	0.893
069596	10	81	17	0.0	7.589
069596	10	82	0	0.0	0.0
069651	10	10	65	34.211	32.5
069651	10	8	125	65.789	62.5
069651	10	80	1	0.0	0.5
069651	10	81	9	0.0	4.5
069651	10	82	0	0.0	0.0
069660	10	10	72	37.113	35.122
069660	10	8	122	62.887	59.512
069660	10	80	3	0.0	1.463
069660	10	81	8	0.0	3.902
069660	10	82	0	0.0	0.0
069691	10	10	90	37.657	35.573
069691	10	8	148	61.925	58.498
069691	10	80	0	0.0	0.0
069691	10	81	14	0.0	5.534
069691	10	82	1	0.0	0.395
069766	10	10	89	35.039	34.231
069766	10	8	164	64.567	63.077
069766	10	80	0	0.0	0.0
069766	10	81	6	0.0	2.308
069766	10	82	1	0.0	0.385
069871	10	10	91	34.34	32.852
069871	10	8	174	65.66	62.816
069871	10	80	1	0.0	0.361
069871	10	81	11	0.0	3.971
069871	10	82	0	0.0	0.0
069895	10	10	64	33.333	31.068
069895	10	8	121	63.021	58.738
069895	10	80	1	0.0	0.485
069895	10	81	13	0.0	6.311
069895	10	82	7	0.0	3.398
069897	10	10	75	33.333	32.051
069897	10	8	150	66.667	64.103
069897	10	80	0	0.0	0.0
069897	10	81	9	0.0	3.846
069897	10	82	0	0.0	0.0
069924	10	10	69	31.081	29.362
069924	10	8	151	68.018	64.255
069924	10	80	1	0.0	0.426
069924	10	81	12	0.0	5.106
069924	10	82	2	0.0	0.851
069926	10	10	66	31.731	29.864
069926	10	8	142	68.269	64.253
069926	10	80	2	0.0	0.905
069926	10	81	11	0.0	4.977
069926	10	82	0	0.0	0.0
069932	10	10	62	28.311	26.496
069932	10	8	157	71.689	67.094
069932	10	80	1	0.0	0.427
069932	10	81	14	0.0	5.983
069932	10	82	0	0.0	0.0
070012	10	10	80	39.216	34.483
070012	10	8	124	60.784	53.448
070012	10	80	3	0.0	1.293
070012	10	81	25	0.0	10.776
070012	10	82	0	0.0	0.0
070051	10	10	66	29.73	27.966
070051	10	8	156	70.27	66.102
070051	10	80	4	0.0	1.695
070051	10	81	10	0.0	4.237
070051	10	82	0	0.0	0.0
070405	10	10	110	54.187	50.0
070405	10	8	92	45.32	41.818
070405	10	80	2	0.0	0.909
070405	10	81	15	0.0	6.818
070405	10	82	1	0.0	0.455
070423	10	10	110	52.381	47.619
070423	10	8	100	47.619	43.29
070423	10	80	3	0.0	1.299
070423	10	81	18	0.0	7.792
070423	10	82	0	0.0	0.0
070532	10	10	110	50.0	46.809
070532	10	8	110	50.0	46.809
070532	10	80	2	0.0	0.851
070532	10	81	13	0.0	5.532
070532	10	82	0	0.0	0.0
070538	10	10	93	57.055	50.27
070538	10	8	70	42.945	37.838
070538	10	80	1	0.0	0.541
070538	10	81	21	0.0	11.351
070538	10	82	0	0.0	0.0
070692	10	10	73	31.878	29.555
070692	10	8	156	68.122	63.158
070692	10	80	1	0.0	0.405
070692	10	81	17	0.0	6.883
070692	10	82	0	0.0	0.0
070870	10	10	91	41.364	37.759
070870	10	8	129	58.636	53.527
070870	10	80	3	0.0	1.245
070870	10	81	18	0.0	7.469
070870	10	82	0	0.0	0.0
070904	10	10	93	36.614	36.614
070904	10	8	156	61.417	61.417
070904	10	80	0	0.0	0.0
070904	10	81	0	0.0	0.0
070904	10	82	5	0.0	1.969
070913	10	10	100	42.735	39.841
070913	10	8	134	57.265	53.386
070913	10	80	0	0.0	0.0
070913	10	81	17	0.0	6.773
070913	10	82	0	0.0	0.0
070915	10	10	54	37.762	23.684
070915	10	8	89	62.238	39.035
070915	10	80	69	0.0	30.263
070915	10	81	16	0.0	7.018
070915	10	82	0	0.0	0.0
071137	10	10	77	34.842	25.667
071137	10	8	144	65.158	48.0
071137	10	80	66	0.0	22.0
071137	10	81	13	0.0	4.333
071137	10	82	0	0.0	0.0
071238	10	10	104	43.697	40.945
071238	10	8	134	56.303	52.756
071238	10	80	1	0.0	0.394
071238	10	81	15	0.0	5.906
071238	10	82	0	0.0	0.0
071349	10	10	111	74.497	72.078
071349	10	8	38	25.503	24.675
071349	10	80	0	0.0	0.0
071349	10	81	5	0.0	3.247
071349	10	82	0	0.0	0.0
071408	10	10	144	73.096	70.936
071408	10	8	52	26.396	25.616
071408	10	80	0	0.0	0.0
071408	10	81	6	0.0	2.956
071408	10	82	1	0.0	0.493
071652	10	10	98	60.123	54.144
071652	10	8	64	39.264	35.359
071652	10	80	2	0.0	1.105
071652	10	81	16	0.0	8.84
071652	10	82	1	0.0	0.552
071707	10	10	76	75.248	73.077
071707	10	8	25	24.752	24.038
071707	10	80	0	0.0	0.0
071707	10	81	3	0.0	2.885
071707	10	82	0	0.0	0.0
071904	10	10	51	28.333	24.171
071904	10	8	129	71.667	61.137
071904	10	80	4	0.0	1.896
071904	10	81	27	0.0	12.796
071904	10	82	0	0.0	0.0
071930	10	10	57	30.481	26.636
071930	10	8	130	69.519	60.748
071930	10	80	0	0.0	0.0
071930	10	81	27	0.0	12.617
071930	10	82	0	0.0	0.0
071939	10	10	79	34.649	32.917
071939	10	8	149	65.351	62.083
071939	10	80	1	0.0	0.417
071939	10	81	11	0.0	4.583
071939	10	82	0	0.0	0.0
072057	10	10	64	31.841	30.918
072057	10	8	127	63.184	61.353
072057	10	80	1	0.0	0.483
072057	10	81	5	0.0	2.415
072057	10	82	10	0.0	4.831
072224	10	10	113	54.589	50.222
072224	10	8	93	44.928	41.333
072224	10	80	1	0.0	0.444
072224	10	81	17	0.0	7.556
072224	10	82	1	0.0	0.444
072311	10	10	80	36.866	26.667
072311	10	8	137	63.134	45.667
072311	10	80	67	0.0	22.333
072311	10	81	16	0.0	5.333
072311	10	82	0	0.0	0.0
072330	10	10	88	41.121	38.261
072330	10	8	126	58.879	54.783
072330	10	80	4	0.0	1.739
072330	10	81	12	0.0	5.217
072330	10	82	0	0.0	0.0
072450	10	10	85	29.72	28.333
072450	10	8	131	45.804	43.667
072450	10	80	2	0.0	0.667
072450	10	81	12	0.0	4.0
072450	10	82	70	0.0	23.333
072544	10	10	109	60.556	56.477
072544	10	8	71	39.444	36.788
072544	10	80	3	0.0	1.554
072544	10	81	10	0.0	5.181
072544	10	82	0	0.0	0.0
072900	10	10	73	32.735	29.675
072900	10	8	150	67.265	60.976
072900	10	80	1	0.0	0.407
072900	10	81	22	0.0	8.943
072900	10	82	0	0.0	0.0
072918	10	10	61	27.602	25.311
072918	10	8	159	71.946	65.975
072918	10	80	3	0.0	1.245
072918	10	81	17	0.0	7.054
072918	10	82	1	0.0	0.415
072953	10	10	57	27.143	24.464
072953	10	8	153	72.857	65.665
072953	10	80	0	0.0	0.0
072953	10	81	23	0.0	9.871
072953	10	82	0	0.0	0.0
072991	10	10	56	31.111	28.141
072991	10	8	123	68.333	61.809
072991	10	80	1	0.0	0.503
072991	10	81	18	0.0	9.045
072991	10	82	1	0.0	0.503
072994	10	10	76	32.9	32.9
072994	10	8	155	67.1	67.1
072994	10	80	0	0.0	0.0
072994	10	81	0	0.0	0.0
072994	10	82	0	0.0	0.0
073036	10	10	57	27.67	26.389
073036	10	8	149	72.33	68.981
073036	10	80	1	0.0	0.463
073036	10	81	9	0.0	4.167
073036	10	82	0	0.0	0.0
073161	10	10	40	18.779	17.778
073161	10	8	173	81.221	76.889
073161	10	80	2	0.0	0.889
073161	10	81	10	0.0	4.444
073161	10	82	0	0.0	0.0
073262	10	10	71	33.178	30.213
073262	10	8	143	66.822	60.851
073262	10	80	5	0.0	2.128
073262	10	81	16	0.0	6.809
073262	10	82	0	0.0	0.0
073382	10	10	63	29.032	27.273
073382	10	8	154	70.968	66.667
073382	10	80	3	0.0	1.299
073382	10	81	11	0.0	4.762
073382	10	82	0	0.0	0.0
073407	10	10	68	31.776	29.825
073407	10	8	146	68.224	64.035
073407	10	80	4	0.0	1.754
073407	10	81	10	0.0	4.386
073407	10	82	0	0.0	0.0
073689	10	10	95	51.075	45.455
073689	10	8	91	48.925	43.541
073689	10	80	5	0.0	2.392
073689	10	81	18	0.0	8.612
073689	10	82	0	0.0	0.0
073766	10	10	68	26.667	22.667
073766	10	8	110	43.137	36.667
073766	10	80	3	0.0	1.0
073766	10	81	42	0.0	14.0
073766	10	82	77	0.0	25.667
073851	10	10	27	17.532	16.168
073851	10	8	127	82.468	76.048
073851	10	80	0	0.0	0.0
073851	10	81	13	0.0	7.784
073851	10	82	0	0.0	0.0
073918	10	10	96	46.154	40.678
073918	10	8	112	53.846	47.458
073918	10	80	1	0.0	0.424
073918	10	81	27	0.0	11.441
073918	10	82	0	0.0	0.0
073921	10	10	111	47.234	37.0
073921	10	8	124	52.766	41.333
073921	10	80	49	0.0	16.333
073921	10	81	16	0.0	5.333
073921	10	82	0	0.0	0.0
074025	10	10	76	34.703	32.203
074025	10	8	143	65.297	60.593
074025	10	80	0	0.0	0.0
074025	10	81	17	0.0	7.203
074025	10	82	0	0.0	0.0
074148	10	10	170	79.439	73.276
074148	10	8	43	20.093	18.534
074148	10	80	5	0.0	2.155
074148	10	81	13	0.0	5.603
074148	10	82	1	0.0	0.431
074149	10	10	155	71.101	66.524
074149	10	8	62	28.44	26.609
074149	10	80	1	0.0	0.429
074149	10	81	14	0.0	6.009
074149	10	82	1	0.0	0.429
074158	10	10	172	80.0	74.138
074158	10	8	42	19.535	18.103
074158	10	80	1	0.0	0.431
074158	10	81	16	0.0	6.897
074158	10	82	1	0.0	0.431
074323	10	10	174	75.0	74.359
074323	10	8	58	25.0	24.786
074323	10	80	2	0.0	0.855
074323	10	81	0	0.0	0.0
074323	10	82	0	0.0	0.0
074360	10	10	171	75.0	72.152
074360	10	8	56	24.561	23.629
074360	10	80	1	0.0	0.422
074360	10	81	8	0.0	3.376
074360	10	82	1	0.0	0.422
074397	10	10	169	76.126	68.145
074397	10	8	52	23.423	20.968
074397	10	80	0	0.0	0.0
074397	10	81	26	0.0	10.484
074397	10	82	1	0.0	0.403
074573	10	10	212	90.213	86.179
074573	10	8	23	9.787	9.35
074573	10	80	3	0.0	1.22
074573	10	81	8	0.0	3.252
074573	10	82	0	0.0	0.0
074727	10	10	224	92.946	89.243
074727	10	8	16	6.639	6.375
074727	10	80	0	0.0	0.0
074727	10	81	10	0.0	3.984
074727	10	82	1	0.0	0.398
075222	10	10	181	88.293	82.273
075222	10	8	23	11.22	10.455
075222	10	80	2	0.0	0.909
075222	10	81	13	0.0	5.909
075222	10	82	1	0.0	0.455
075349	10	10	218	97.321	92.766
075349	10	8	6	2.679	2.553
075349	10	80	0	0.0	0.0
075349	10	81	11	0.0	4.681
075349	10	82	0	0.0	0.0
076034	10	10	199	80.242	77.132
076034	10	8	48	19.355	18.605
076034	10	80	2	0.0	0.775
076034	10	81	8	0.0	3.101
076034	10	82	1	0.0	0.388
076057	10	10	193	79.424	74.517
076057	10	8	50	20.576	19.305
076057	10	80	2	0.0	0.772
076057	10	81	14	0.0	5.405
076057	10	82	0	0.0	0.0
076079	10	10	178	75.745	72.358
076079	10	8	55	23.404	22.358
076079	10	80	0	0.0	0.0
076079	10	81	11	0.0	4.472
076079	10	82	2	0.0	0.813
076184	10	10	197	86.404	82.773
076184	10	8	31	13.596	13.025
076184	10	80	2	0.0	0.84
076184	10	81	8	0.0	3.361
076184	10	82	0	0.0	0.0
076350	10	10	174	75.0	71.605
076350	10	8	57	24.569	23.457
076350	10	80	1	0.0	0.412
076350	10	81	10	0.0	4.115
076350	10	82	1	0.0	0.412
076403	10	10	204	79.07	68.0
076403	10	8	54	20.93	18.0
076403	10	80	33	0.0	11.0
076403	10	81	9	0.0	3.0
076403	10	82	0	0.0	0.0
076562	10	10	199	82.917	66.333
076562	10	8	41	17.083	13.667
076562	10	80	47	0.0	15.667
076562	10	81	13	0.0	4.333
076562	10	82	0	0.0	0.0
076700	10	10	208	84.553	83.2
076700	10	8	38	15.447	15.2
076700	10	80	0	0.0	0.0
076700	10	81	4	0.0	1.6
076700	10	82	0	0.0	0.0
076739	10	10	215	86.694	83.333
076739	10	8	33	13.306	12.791
076739	10	80	0	0.0	0.0
076739	10	81	10	0.0	3.876
076739	10	82	0	0.0	0.0
076955	10	10	146	84.393	80.22
076955	10	8	25	14.451	13.736
076955	10	80	1	0.0	0.549
076955	10	81	8	0.0	4.396
076955	10	82	2	0.0	1.099
077121	10	10	145	84.302	80.556
077121	10	8	25	14.535	13.889
077121	10	80	0	0.0	0.0
077121	10	81	8	0.0	4.444
077121	10	82	2	0.0	1.111
077173	10	10	176	97.778	95.652
077173	10	8	4	2.222	2.174
077173	10	80	0	0.0	0.0
077173	10	81	4	0.0	2.174
077173	10	82	0	0.0	0.0
077398	10	10	125	64.767	55.804
077398	10	8	68	35.233	30.357
077398	10	80	5	0.0	2.232
077398	10	81	26	0.0	11.607
077398	10	82	0	0.0	0.0
077745	10	10	77	45.029	38.119
077745	10	8	94	54.971	46.535
077745	10	80	7	0.0	3.465
077745	10	81	24	0.0	11.881
077745	10	82	0	0.0	0.0
077917	10	10	126	65.625	42.14
077917	10	8	66	34.375	22.074
077917	10	80	101	0.0	33.779
077917	10	81	6	0.0	2.007
077917	10	82	0	0.0	0.0
077991	10	10	80	44.693	41.885
077991	10	8	99	55.307	51.832
077991	10	80	1	0.0	0.524
077991	10	81	11	0.0	5.759
077991	10	82	0	0.0	0.0
078290	10	10	132	65.672	61.111
078290	10	8	69	34.328	31.944
078290	10	80	2	0.0	0.926
078290	10	81	13	0.0	6.019
078290	10	82	0	0.0	0.0
078297	10	10	100	52.91	49.751
078297	10	8	89	47.09	44.279
078297	10	80	5	0.0	2.488
078297	10	81	7	0.0	3.483
078297	10	82	0	0.0	0.0
078541	10	10	95	42.035	31.667
078541	10	8	131	57.965	43.667
078541	10	80	58	0.0	19.333
078541	10	81	16	0.0	5.333
078541	10	82	0	0.0	0.0
078609	10	10	113	53.302	51.364
078609	10	8	98	46.226	44.545
078609	10	80	0	0.0	0.0
078609	10	81	8	0.0	3.636
078609	10	82	1	0.0	0.455
078843	10	10	98	44.545	42.424
078843	10	8	120	54.545	51.948
078843	10	80	1	0.0	0.433
078843	10	81	10	0.0	4.329
078843	10	82	2	0.0	0.866
078875	10	10	82	38.863	35.652
078875	10	8	129	61.137	56.087
078875	10	80	0	0.0	0.0
078875	10	81	19	0.0	8.261
078875	10	82	0	0.0	0.0
079114	10	10	125	60.386	55.804
079114	10	8	82	39.614	36.607
079114	10	80	1	0.0	0.446
079114	10	81	16	0.0	7.143
079114	10	82	0	0.0	0.0
079162	10	10	123	61.194	58.019
079162	10	8	77	38.308	36.321
079162	10	80	0	0.0	0.0
079162	10	81	11	0.0	5.189
079162	10	82	1	0.0	0.472
079258	10	10	149	75.253	71.981
079258	10	8	49	24.747	23.671
079258	10	80	1	0.0	0.483
079258	10	81	8	0.0	3.865
079258	10	82	0	0.0	0.0
079560	10	10	126	58.879	57.014
079560	10	8	87	40.654	39.367
079560	10	80	1	0.0	0.452
079560	10	81	6	0.0	2.715
079560	10	82	1	0.0	0.452
079620	10	10	155	69.507	65.126
079620	10	8	67	30.045	28.151
079620	10	80	3	0.0	1.261
079620	10	81	12	0.0	5.042
079620	10	82	1	0.0	0.42
079753	10	10	120	53.571	50.209
079753	10	8	103	45.982	43.096
079753	10	80	4	0.0	1.674
079753	10	81	11	0.0	4.603
079753	10	82	1	0.0	0.418
079762	10	10	137	60.352	53.307
079762	10	8	89	39.207	34.63
079762	10	80	1	0.0	0.389
079762	10	81	29	0.0	11.284
079762	10	82	1	0.0	0.389
079852	10	10	148	68.203	64.069
079852	10	8	68	31.336	29.437
079852	10	80	1	0.0	0.433
079852	10	81	13	0.0	5.628
079852	10	82	1	0.0	0.433
079856	10	10	158	68.398	63.71
079856	10	8	72	31.169	29.032
079856	10	80	2	0.0	0.806
079856	10	81	15	0.0	6.048
079856	10	82	1	0.0	0.403
079882	10	10	138	66.99	61.607
079882	10	8	67	32.524	29.911
079882	10	80	0	0.0	0.0
079882	10	81	18	0.0	8.036
079882	10	82	1	0.0	0.446
079886	10	10	182	77.119	72.8
079886	10	8	53	22.458	21.2
079886	10	80	0	0.0	0.0
079886	10	81	14	0.0	5.6
079886	10	82	1	0.0	0.4
079899	10	10	154	64.167	60.156
079899	10	8	85	35.417	33.203
079899	10	80	0	0.0	0.0
079899	10	81	16	0.0	6.25
079899	10	82	1	0.0	0.391
079956	10	10	191	80.252	65.636
079956	10	8	47	19.748	16.151
079956	10	80	53	0.0	18.213
079956	10	81	0	0.0	0.0
079956	10	82	0	0.0	0.0
080131	10	10	181	79.039	75.104
080131	10	8	46	20.087	19.087
080131	10	80	0	0.0	0.0
080131	10	81	12	0.0	4.979
080131	10	82	2	0.0	0.83
080263	10	10	189	78.75	74.704
080263	10	8	51	21.25	20.158
080263	10	80	1	0.0	0.395
080263	10	81	12	0.0	4.743
080263	10	82	0	0.0	0.0
080377	10	10	151	64.255	59.921
080377	10	8	83	35.319	32.937
080377	10	80	2	0.0	0.794
080377	10	81	15	0.0	5.952
080377	10	82	1	0.0	0.397
080405	10	10	212	87.967	83.465
080405	10	8	29	12.033	11.417
080405	10	80	2	0.0	0.787
080405	10	81	11	0.0	4.331
080405	10	82	0	0.0	0.0
080606	10	10	69	36.126	33.333
080606	10	8	122	63.874	58.937
080606	10	80	1	0.0	0.483
080606	10	81	15	0.0	7.246
080606	10	82	0	0.0	0.0
080895	10	10	73	34.434	31.739
080895	10	8	139	65.566	60.435
080895	10	80	1	0.0	0.435
080895	10	81	17	0.0	7.391
080895	10	82	0	0.0	0.0
081052	10	10	68	28.216	28.216
081052	10	8	164	68.05	68.05
081052	10	80	0	0.0	0.0
081052	10	81	0	0.0	0.0
081052	10	82	9	0.0	3.734
081118	10	10	35	18.041	16.588
081118	10	8	156	80.412	73.934
081118	10	80	3	0.0	1.422
081118	10	81	14	0.0	6.635
081118	10	82	3	0.0	1.422
081200	10	10	40	17.857	16.598
081200	10	8	184	82.143	76.349
081200	10	80	1	0.0	0.415
081200	10	81	16	0.0	6.639
081200	10	82	0	0.0	0.0
081247	10	10	84	36.052	28.094
081247	10	8	149	63.948	49.833
081247	10	80	54	0.0	18.06
081247	10	81	12	0.0	4.013
081247	10	82	0	0.0	0.0
081248	10	10	92	41.256	30.769
081248	10	8	131	58.744	43.813
081248	10	80	61	0.0	20.401
081248	10	81	15	0.0	5.017
081248	10	82	0	0.0	0.0
081249	10	10	80	34.335	26.756
081249	10	8	153	65.665	51.171
081249	10	80	44	0.0	14.716
081249	10	81	22	0.0	7.358
081249	10	82	0	0.0	0.0
081322	10	10	74	34.742	24.749
081322	10	8	139	65.258	46.488
081322	10	80	77	0.0	25.753
081322	10	81	9	0.0	3.01
081322	10	82	0	0.0	0.0
081400	10	10	68	30.769	22.742
081400	10	8	153	69.231	51.171
081400	10	80	69	0.0	23.077
081400	10	81	9	0.0	3.01
081400	10	82	0	0.0	0.0
081423	10	10	91	33.829	32.155
081423	10	8	178	66.171	62.898
081423	10	80	0	0.0	0.0
081423	10	81	14	0.0	4.947
081423	10	82	0	0.0	0.0
081441	10	10	79	31.6	26.421
081441	10	8	171	68.4	57.191
081441	10	80	29	0.0	9.699
081441	10	81	20	0.0	6.689
081441	10	82	0	0.0	0.0
081443	10	10	83	29.225	27.759
081443	10	8	169	59.507	56.522
081443	10	80	1	0.0	0.334
081443	10	81	14	0.0	4.682
081443	10	82	32	0.0	10.702
081463	10	10	83	36.564	32.549
081463	10	8	144	63.436	56.471
081463	10	80	4	0.0	1.569
081463	10	81	24	0.0	9.412
081463	10	82	0	0.0	0.0
081481	10	10	55	29.101	26.699
081481	10	8	134	70.899	65.049
081481	10	80	0	0.0	0.0
081481	10	81	17	0.0	8.252
081481	10	82	0	0.0	0.0
081489	10	10	34	20.118	18.378
081489	10	8	135	79.882	72.973
081489	10	80	0	0.0	0.0
081489	10	81	16	0.0	8.649
081489	10	82	0	0.0	0.0
081637	10	10	88	38.596	36.667
081637	10	8	140	61.404	58.333
081637	10	80	2	0.0	0.833
081637	10	81	10	0.0	4.167
081637	10	82	0	0.0	0.0
081712	10	10	64	23.704	21.405
081712	10	8	123	45.556	41.137
081712	10	80	3	0.0	1.003
081712	10	81	26	0.0	8.696
081712	10	82	83	0.0	27.759
081768	10	10	57	29.082	27.941
081768	10	8	139	70.918	68.137
081768	10	80	0	0.0	0.0
081768	10	81	8	0.0	3.922
081768	10	82	0	0.0	0.0
081813	10	10	60	27.523	25.21
081813	10	8	158	72.477	66.387
081813	10	80	0	0.0	0.0
081813	10	81	20	0.0	8.403
081813	10	82	0	0.0	0.0
081825	10	10	89	31.228	29.766
081825	10	8	141	49.474	47.157
081825	10	80	0	0.0	0.0
081825	10	81	14	0.0	4.682
081825	10	82	55	0.0	18.395
081845	10	10	69	32.243	29.741
081845	10	8	145	67.757	62.5
081845	10	80	4	0.0	1.724
081845	10	81	14	0.0	6.034
081845	10	82	0	0.0	0.0
081921	10	10	85	29.11	28.428
081921	10	8	140	47.945	46.823
081921	10	80	3	0.0	1.003
081921	10	81	4	0.0	1.338
081921	10	82	67	0.0	22.408
081932	10	10	71	33.023	31.004
081932	10	8	144	66.977	62.882
081932	10	80	0	0.0	0.0
081932	10	81	14	0.0	6.114
081932	10	82	0	0.0	0.0
081988	10	10	78	32.636	31.325
081988	10	8	161	67.364	64.659
081988	10	80	2	0.0	0.803
081988	10	81	8	0.0	3.213
081988	10	82	0	0.0	0.0
082025	10	10	71	35.5	33.178
082025	10	8	129	64.5	60.28
082025	10	80	1	0.0	0.467
082025	10	81	13	0.0	6.075
082025	10	82	0	0.0	0.0
082060	10	10	75	32.609	31.381
082060	10	8	155	67.391	64.854
082060	10	80	1	0.0	0.418
082060	10	81	8	0.0	3.347
082060	10	82	0	0.0	0.0
082133	10	10	70	100.0	82.353
082133	10	8	0	0.0	0.0
082133	10	80	0	0.0	0.0
082133	10	81	15	0.0	17.647
082133	10	82	0	0.0	0.0
082299	10	10	59	30.57	29.208
082299	10	8	134	69.43	66.337
082299	10	80	0	0.0	0.0
082299	10	81	9	0.0	4.455
082299	10	82	0	0.0	0.0
082369	10	10	58	30.366	19.398
082369	10	8	133	69.634	44.482
082369	10	80	97	0.0	32.441
082369	10	81	11	0.0	3.679
082369	10	82	0	0.0	0.0
082448	10	10	60	26.432	20.067
082448	10	8	167	73.568	55.853
082448	10	80	59	0.0	19.732
082448	10	81	13	0.0	4.348
082448	10	82	0	0.0	0.0
082455	10	10	44	21.569	14.667
082455	10	8	160	78.431	53.333
082455	10	80	74	0.0	24.667
082455	10	81	22	0.0	7.333
082455	10	82	0	0.0	0.0
082488	10	10	51	26.842	23.721
082488	10	8	139	73.158	64.651
082488	10	80	25	0.0	11.628
082488	10	81	0	0.0	0.0
082488	10	82	0	0.0	0.0
082603	10	10	53	27.895	24.201
082603	10	8	129	67.895	58.904
082603	10	80	1	0.0	0.457
082603	10	81	28	0.0	12.785
082603	10	82	8	0.0	3.653
082687	10	10	61	29.756	28.111
082687	10	8	144	70.244	66.359
082687	10	80	0	0.0	0.0
082687	10	81	12	0.0	5.53
082687	10	82	0	0.0	0.0
082702	10	10	26	12.44	12.44
082702	10	8	178	85.167	85.167
082702	10	80	0	0.0	0.0
082702	10	81	0	0.0	0.0
082702	10	82	5	0.0	2.392
082742	10	10	81	35.371	32.794
082742	10	8	148	64.629	59.919
082742	10	80	2	0.0	0.81
082742	10	81	16	0.0	6.478
082742	10	82	0	0.0	0.0
082759	10	10	85	37.946	35.27
082759	10	8	139	62.054	57.676
082759	10	80	0	0.0	0.0
082759	10	81	17	0.0	7.054
082759	10	82	0	0.0	0.0
082811	10	10	56	32.558	30.769
082811	10	8	115	66.86	63.187
082811	10	80	3	0.0	1.648
082811	10	81	7	0.0	3.846
082811	10	82	1	0.0	0.549
082824	10	10	80	42.553	40.201
082824	10	8	108	57.447	54.271
082824	10	80	2	0.0	1.005
082824	10	81	9	0.0	4.523
082824	10	82	0	0.0	0.0
082835	10	10	46	29.299	28.049
082835	10	8	111	70.701	67.683
082835	10	80	0	0.0	0.0
082835	10	81	7	0.0	4.268
082835	10	82	0	0.0	0.0
082845	10	10	83	37.9	35.021
082845	10	8	136	62.1	57.384
082845	10	80	7	0.0	2.954
082845	10	81	11	0.0	4.641
082845	10	82	0	0.0	0.0
082849	10	10	71	32.719	31.416
082849	10	8	145	66.82	64.159
082849	10	80	3	0.0	1.327
082849	10	81	6	0.0	2.655
082849	10	82	1	0.0	0.442
082850	10	10	74	36.634	33.333
082850	10	8	127	62.871	57.207
082850	10	80	1	0.0	0.45
082850	10	81	19	0.0	8.559
082850	10	82	1	0.0	0.45
082899	10	10	59	27.962	26.222
082899	10	8	151	71.564	67.111
082899	10	80	2	0.0	0.889
082899	10	81	12	0.0	5.333
082899	10	82	1	0.0	0.444
082961	10	10	44	21.891	20.465
082961	10	8	155	77.114	72.093
082961	10	80	1	0.0	0.465
082961	10	81	13	0.0	6.047
082961	10	82	2	0.0	0.93
082980	10	10	52	22.318	22.128
082980	10	8	166	71.245	70.638
082980	10	80	2	0.0	0.851
082980	10	81	0	0.0	0.0
082980	10	82	15	0.0	6.383
083017	10	10	40	19.9	18.433
083017	10	8	160	79.602	73.733
083017	10	80	1	0.0	0.461
083017	10	81	15	0.0	6.912
083017	10	82	1	0.0	0.461
083112	10	10	68	32.381	30.769
083112	10	8	142	67.619	64.253
083112	10	80	0	0.0	0.0
083112	10	81	11	0.0	4.977
083112	10	82	0	0.0	0.0
083130	10	10	84	34.008	28.0
083130	10	8	163	65.992	54.333
083130	10	80	41	0.0	13.667
083130	10	81	12	0.0	4.0
083130	10	82	0	0.0	0.0
083137	10	10	70	46.053	44.025
083137	10	8	76	50.0	47.799
083137	10	80	0	0.0	0.0
083137	10	81	7	0.0	4.403
083137	10	82	6	0.0	3.774
083191	10	10	79	37.981	35.909
083191	10	8	129	62.019	58.636
083191	10	80	0	0.0	0.0
083191	10	81	12	0.0	5.455
083191	10	82	0	0.0	0.0
083210	10	10	69	35.025	33.173
083210	10	8	125	63.452	60.096
083210	10	80	0	0.0	0.0
083210	10	81	11	0.0	5.288
083210	10	82	3	0.0	1.442
083306	10	10	90	46.392	42.453
083306	10	8	104	53.608	49.057
083306	10	80	3	0.0	1.415
083306	10	81	15	0.0	7.075
083306	10	82	0	0.0	0.0
083346	10	10	104	46.222	44.444
083346	10	8	121	53.778	51.709
083346	10	80	0	0.0	0.0
083346	10	81	9	0.0	3.846
083346	10	82	0	0.0	0.0
083395	10	10	101	43.913	43.913
083395	10	8	129	56.087	56.087
083395	10	80	0	0.0	0.0
083395	10	81	0	0.0	0.0
083395	10	82	0	0.0	0.0
083428	10	10	67	32.843	22.333
083428	10	8	137	67.157	45.667
083428	10	80	83	0.0	27.667
083428	10	81	13	0.0	4.333
083428	10	82	0	0.0	0.0
083432	10	10	76	35.349	33.628
083432	10	8	139	64.651	61.504
083432	10	80	2	0.0	0.885
083432	10	81	9	0.0	3.982
083432	10	82	0	0.0	0.0
083474	10	10	53	30.636	27.32
083474	10	8	120	69.364	61.856
083474	10	80	4	0.0	2.062
083474	10	81	17	0.0	8.763
083474	10	82	0	0.0	0.0
083506	10	10	110	47.21	47.009
083506	10	8	123	52.79	52.564
083506	10	80	1	0.0	0.427
083506	10	81	0	0.0	0.0
083506	10	82	0	0.0	0.0
083522	10	10	88	46.561	33.333
083522	10	8	101	53.439	38.258
083522	10	80	65	0.0	24.621
083522	10	81	10	0.0	3.788
083522	10	82	0	0.0	0.0
083567	10	10	92	100.0	88.462
083567	10	8	0	0.0	0.0
083567	10	80	0	0.0	0.0
083567	10	81	12	0.0	11.538
083567	10	82	0	0.0	0.0
083592	10	10	92	100.0	85.981
083592	10	8	0	0.0	0.0
083592	10	80	0	0.0	0.0
083592	10	81	15	0.0	14.019
083592	10	82	0	0.0	0.0
083629	10	10	85	40.476	35.714
083629	10	8	125	59.524	52.521
083629	10	80	7	0.0	2.941
083629	10	81	21	0.0	8.824
083629	10	82	0	0.0	0.0
083639	10	10	89	45.408	42.584
083639	10	8	107	54.592	51.196
083639	10	80	0	0.0	0.0
083639	10	81	13	0.0	6.22
083639	10	82	0	0.0	0.0
083699	10	10	87	45.789	29.0
083699	10	8	103	54.211	34.333
083699	10	80	99	0.0	33.0
083699	10	81	11	0.0	3.667
083699	10	82	0	0.0	0.0
083733	10	10	80	34.632	32.0
083733	10	8	151	65.368	60.4
083733	10	80	3	0.0	1.2
083733	10	81	16	0.0	6.4
083733	10	82	0	0.0	0.0
083785	10	10	67	47.183	44.667
083785	10	8	74	52.113	49.333
083785	10	80	0	0.0	0.0
083785	10	81	8	0.0	5.333
083785	10	82	1	0.0	0.667
083799	10	10	85	41.463	38.636
083799	10	8	119	58.049	54.091
083799	10	80	2	0.0	0.909
083799	10	81	13	0.0	5.909
083799	10	82	1	0.0	0.455
083838	10	10	61	41.781	26.522
083838	10	8	85	58.219	36.957
083838	10	80	0	0.0	0.0
083838	10	81	84	0.0	36.522
083838	10	82	0	0.0	0.0
083877	10	10	91	42.13	39.056
083877	10	8	125	57.87	53.648
083877	10	80	0	0.0	0.0
083877	10	81	17	0.0	7.296
083877	10	82	0	0.0	0.0
083917	10	10	110	52.133	48.458
083917	10	8	100	47.393	44.053
083917	10	80	1	0.0	0.441
083917	10	81	15	0.0	6.608
083917	10	82	1	0.0	0.441
083920	10	10	101	42.083	40.562
083920	10	8	139	57.917	55.823
083920	10	80	2	0.0	0.803
083920	10	81	7	0.0	2.811
083920	10	82	0	0.0	0.0
084091	10	10	93	42.273	39.574
084091	10	8	127	57.727	54.043
084091	10	80	1	0.0	0.426
084091	10	81	14	0.0	5.957
084091	10	82	0	0.0	0.0
084108	10	10	81	41.327	38.028
084108	10	8	115	58.673	53.991
084108	10	80	2	0.0	0.939
084108	10	81	15	0.0	7.042
084108	10	82	0	0.0	0.0
084123	10	10	75	40.323	39.063
084123	10	8	111	59.677	57.813
084123	10	80	2	0.0	1.042
084123	10	81	4	0.0	2.083
084123	10	82	0	0.0	0.0
084138	10	10	77	38.5	36.842
084138	10	8	123	61.5	58.852
084138	10	80	1	0.0	0.478
084138	10	81	8	0.0	3.828
084138	10	82	0	0.0	0.0
084196	10	10	76	39.378	35.681
084196	10	8	117	60.622	54.93
084196	10	80	0	0.0	0.0
084196	10	81	20	0.0	9.39
084196	10	82	0	0.0	0.0
084203	10	10	80	44.693	44.444
084203	10	8	99	55.307	55.0
084203	10	80	1	0.0	0.556
084203	10	81	0	0.0	0.0
084203	10	82	0	0.0	0.0
084225	10	10	89	43.627	41.589
084225	10	8	115	56.373	53.738
084225	10	80	0	0.0	0.0
084225	10	81	10	0.0	4.673
084225	10	82	0	0.0	0.0
084248	10	10	67	35.263	33.168
084248	10	8	123	64.737	60.891
084248	10	80	3	0.0	1.485
084248	10	81	9	0.0	4.455
084248	10	82	0	0.0	0.0
084293	10	10	93	45.146	42.466
084293	10	8	113	54.854	51.598
084293	10	80	11	0.0	5.023
084293	10	81	2	0.0	0.913
084293	10	82	0	0.0	0.0
084317	10	10	94	42.727	31.333
084317	10	8	126	57.273	42.0
084317	10	80	68	0.0	22.667
084317	10	81	12	0.0	4.0
084317	10	82	0	0.0	0.0
084319	10	10	108	48.43	47.162
084319	10	8	115	51.57	50.218
084319	10	80	1	0.0	0.437
084319	10	81	5	0.0	2.183
084319	10	82	0	0.0	0.0
084326	10	10	75	36.585	36.408
084326	10	8	120	58.537	58.252
084326	10	80	1	0.0	0.485
084326	10	81	0	0.0	0.0
084326	10	82	10	0.0	4.854
084341	10	10	74	33.036	32.314
084341	10	8	150	66.964	65.502
084341	10	80	0	0.0	0.0
084341	10	81	5	0.0	2.183
084341	10	82	0	0.0	0.0
084344	10	10	95	43.182	31.667
084344	10	8	125	56.818	41.667
084344	10	80	72	0.0	24.0
084344	10	81	8	0.0	2.667
084344	10	82	0	0.0	0.0
084376	10	10	77	30.315	29.278
084376	10	8	177	69.685	67.3
084376	10	80	1	0.0	0.38
084376	10	81	8	0.0	3.042
084376	10	82	0	0.0	0.0
084437	10	10	88	40.741	37.447
084437	10	8	128	59.259	54.468
084437	10	80	3	0.0	1.277
084437	10	81	16	0.0	6.809
084437	10	82	0	0.0	0.0
084543	10	10	75	39.063	37.313
084543	10	8	116	60.417	57.711
084543	10	80	2	0.0	0.995
084543	10	81	7	0.0	3.483
084543	10	82	1	0.0	0.498
084559	10	10	106	49.302	47.111
084559	10	8	108	50.233	48.0
084559	10	80	1	0.0	0.444
084559	10	81	9	0.0	4.0
084559	10	82	1	0.0	0.444
084815	10	10	45	63.38	56.962
084815	10	8	26	36.62	32.911
084815	10	80	0	0.0	0.0
084815	10	81	8	0.0	10.127
084815	10	82	0	0.0	0.0
084830	10	10	124	58.491	54.148
084830	10	8	88	41.509	38.428
084830	10	80	2	0.0	0.873
084830	10	81	15	0.0	6.55
084830	10	82	0	0.0	0.0
084861	10	10	101	56.111	52.062
084861	10	8	79	43.889	40.722
084861	10	80	2	0.0	1.031
084861	10	81	12	0.0	6.186
084861	10	82	0	0.0	0.0
084880	10	10	66	77.647	70.968
084880	10	8	19	22.353	20.43
084880	10	80	1	0.0	1.075
084880	10	81	7	0.0	7.527
084880	10	82	0	0.0	0.0
084888	10	10	50	100.0	90.909
084888	10	8	0	0.0	0.0
084888	10	80	2	0.0	3.636
084888	10	81	3	0.0	5.455
084888	10	82	0	0.0	0.0
084908	10	10	106	62.722	35.333
084908	10	8	63	37.278	21.0
084908	10	80	127	0.0	42.333
084908	10	81	4	0.0	1.333
084908	10	82	0	0.0	0.0
084917	10	10	101	64.744	63.125
084917	10	8	55	35.256	34.375
084917	10	80	0	0.0	0.0
084917	10	81	4	0.0	2.5
084917	10	82	0	0.0	0.0
085021	10	10	88	41.706	38.596
085021	10	8	123	58.294	53.947
085021	10	80	2	0.0	0.877
085021	10	81	15	0.0	6.579
085021	10	82	0	0.0	0.0
085027	10	10	65	43.333	41.401
085027	10	8	85	56.667	54.14
085027	10	80	4	0.0	2.548
085027	10	81	3	0.0	1.911
085027	10	82	0	0.0	0.0
085247	10	10	116	61.702	59.794
085247	10	8	70	37.234	36.082
085247	10	80	0	0.0	0.0
085247	10	81	6	0.0	3.093
085247	10	82	2	0.0	1.031
085257	10	10	117	63.934	61.579
085257	10	8	66	36.066	34.737
085257	10	80	2	0.0	1.053
085257	10	81	5	0.0	2.632
085257	10	82	0	0.0	0.0
085405	10	10	73	51.408	45.625
085405	10	8	67	47.183	41.875
085405	10	80	1	0.0	0.625
085405	10	81	17	0.0	10.625
085405	10	82	2	0.0	1.25
085407	10	10	89	60.135	57.051
085407	10	8	58	39.189	37.179
085407	10	80	4	0.0	2.564
085407	10	81	4	0.0	2.564
085407	10	82	1	0.0	0.641
085408	10	10	71	53.383	47.651
085408	10	8	62	46.617	41.611
085408	10	80	1	0.0	0.671
085408	10	81	15	0.0	10.067
085408	10	82	0	0.0	0.0
085426	10	10	52	48.148	45.614
085426	10	8	56	51.852	49.123
085426	10	80	0	0.0	0.0
085426	10	81	6	0.0	5.263
085426	10	82	0	0.0	0.0
085476	10	10	64	65.979	65.306
085476	10	8	31	31.959	31.633
085476	10	80	0	0.0	0.0
085476	10	81	1	0.0	1.02
085476	10	82	2	0.0	2.041
085496	10	10	53	34.416	18.276
085496	10	8	101	65.584	34.828
085496	10	80	121	0.0	41.724
085496	10	81	15	0.0	5.172
085496	10	82	0	0.0	0.0
085553	10	10	57	44.882	39.86
085553	10	8	69	54.331	48.252
085553	10	80	1	0.0	0.699
085553	10	81	15	0.0	10.49
085553	10	82	1	0.0	0.699
085559	10	10	39	29.771	25.658
085559	10	8	92	70.229	60.526
085559	10	80	0	0.0	0.0
085559	10	81	21	0.0	13.816
085559	10	82	0	0.0	0.0
085585	10	10	44	29.53	27.5
085585	10	8	104	69.799	65.0
085585	10	80	0	0.0	0.0
085585	10	81	11	0.0	6.875
085585	10	82	1	0.0	0.625
085594	10	10	59	40.69	40.136
085594	10	8	86	59.31	58.503
085594	10	80	0	0.0	0.0
085594	10	81	2	0.0	1.361
085594	10	82	0	0.0	0.0
085595	10	10	59	38.065	34.706
085595	10	8	96	61.935	56.471
085595	10	80	0	0.0	0.0
085595	10	81	15	0.0	8.824
085595	10	82	0	0.0	0.0
085606	10	10	59	41.259	38.065
085606	10	8	80	55.944	51.613
085606	10	80	3	0.0	1.935
085606	10	81	9	0.0	5.806
085606	10	82	4	0.0	2.581
085608	10	10	45	34.884	32.609
085608	10	8	83	64.341	60.145
085608	10	80	2	0.0	1.449
085608	10	81	7	0.0	5.072
085608	10	82	1	0.0	0.725
085611	10	10	61	42.069	38.854
085611	10	8	83	57.241	52.866
085611	10	80	3	0.0	1.911
085611	10	81	9	0.0	5.732
085611	10	82	1	0.0	0.637
085634	10	10	42	33.333	31.818
085634	10	8	81	64.286	61.364
085634	10	80	2	0.0	1.515
085634	10	81	4	0.0	3.03
085634	10	82	3	0.0	2.273
085694	10	10	47	33.813	29.375
085694	10	8	92	66.187	57.5
085694	10	80	1	0.0	0.625
085694	10	81	20	0.0	12.5
085694	10	82	0	0.0	0.0
085701	10	10	61	47.287	42.657
085701	10	8	64	49.612	44.755
085701	10	80	1	0.0	0.699
085701	10	81	13	0.0	9.091
085701	10	82	4	0.0	2.797
085710	10	10	61	41.216	35.882
085710	10	8	86	58.108	50.588
085710	10	80	1	0.0	0.588
085710	10	81	21	0.0	12.353
085710	10	82	1	0.0	0.588
085735	10	10	52	40.31	35.862
085735	10	8	76	58.915	52.414
085735	10	80	0	0.0	0.0
085735	10	81	16	0.0	11.034
085735	10	82	1	0.0	0.69
085756	10	10	96	43.836	43.636
085756	10	8	108	49.315	49.091
085756	10	80	1	0.0	0.455
085756	10	81	0	0.0	0.0
085756	10	82	15	0.0	6.818
085759	10	10	78	40.206	37.5
085759	10	8	114	58.763	54.808
085759	10	80	1	0.0	0.481
085759	10	81	13	0.0	6.25
085759	10	82	2	0.0	0.962
085773	10	10	75	37.313	34.722
085773	10	8	121	60.199	56.019
085773	10	80	4	0.0	1.852
085773	10	81	11	0.0	5.093
085773	10	82	5	0.0	2.315
085821	10	10	10	41.667	40.0
085821	10	8	14	58.333	56.0
085821	10	80	0	0.0	0.0
085821	10	81	1	0.0	4.0
085821	10	82	0	0.0	0.0
085822	10	10	12	50.0	50.0
085822	10	8	12	50.0	50.0
085822	10	80	0	0.0	0.0
085822	10	81	0	0.0	0.0
085822	10	82	0	0.0	0.0
085823	10	10	10	58.824	50.0
085823	10	8	7	41.176	35.0
085823	10	80	0	0.0	0.0
085823	10	81	3	0.0	15.0
085823	10	82	0	0.0	0.0
085845	10	10	35	19.886	19.444
085845	10	8	141	80.114	78.333
085845	10	80	0	0.0	0.0
085845	10	81	4	0.0	2.222
085845	10	82	0	0.0	0.0
085877	10	10	58	47.934	46.032
085877	10	8	63	52.066	50.0
085877	10	80	0	0.0	0.0
085877	10	81	5	0.0	3.968
085877	10	82	0	0.0	0.0
085934	10	10	43	32.09	31.159
085934	10	8	90	67.164	65.217
085934	10	80	1	0.0	0.725
085934	10	81	3	0.0	2.174
085934	10	82	1	0.0	0.725
085985	10	10	199	70.567	66.113
085985	10	8	83	29.433	27.575
085985	10	80	0	0.0	0.0
085985	10	81	19	0.0	6.312
085985	10	82	0	0.0	0.0
086005	10	10	136	48.921	33.747
086005	10	8	142	51.079	35.236
086005	10	80	0	0.0	0.0
086005	10	81	125	0.0	31.017
086005	10	82	0	0.0	0.0
086010	10	10	127	47.925	44.406
086010	10	8	136	51.321	47.552
086010	10	80	0	0.0	0.0
086010	10	81	21	0.0	7.343
086010	10	82	2	0.0	0.699
086012	10	10	135	53.15	51.331
086012	10	8	117	46.063	44.487
086012	10	80	0	0.0	0.0
086012	10	81	9	0.0	3.422
086012	10	82	2	0.0	0.76
086034	10	10	63	38.415	34.615
086034	10	8	101	61.585	55.495
086034	10	80	3	0.0	1.648
086034	10	81	15	0.0	8.242
086034	10	82	0	0.0	0.0
086056	10	10	75	37.5	37.5
086056	10	8	115	57.5	57.5
086056	10	80	0	0.0	0.0
086056	10	81	0	0.0	0.0
086056	10	82	10	0.0	5.0
086064	10	10	68	13.992	13.627
086064	10	8	100	20.576	20.04
086064	10	80	0	0.0	0.0
086064	10	81	13	0.0	2.605
086064	10	82	318	0.0	63.727
086065	10	10	75	15.528	15.03
086065	10	8	96	19.876	19.238
086065	10	80	4	0.0	0.802
086065	10	81	12	0.0	2.405
086065	10	82	312	0.0	62.525
086066	10	10	55	34.161	31.792
086066	10	8	94	58.385	54.335
086066	10	80	0	0.0	0.0
086066	10	81	12	0.0	6.936
086066	10	82	12	0.0	6.936
086067	10	10	69	39.205	38.983
086067	10	8	107	60.795	60.452
086067	10	80	1	0.0	0.565
086067	10	81	0	0.0	0.0
086067	10	82	0	0.0	0.0
086074	10	10	86	45.745	42.365
086074	10	8	100	53.191	49.261
086074	10	80	6	0.0	2.956
086074	10	81	9	0.0	4.433
086074	10	82	2	0.0	0.985
086080	10	10	68	39.535	36.757
086080	10	8	103	59.884	55.676
086080	10	80	1	0.0	0.541
086080	10	81	12	0.0	6.486
086080	10	82	1	0.0	0.541
086089	10	10	65	38.235	33.333
086089	10	8	105	61.765	53.846
086089	10	80	0	0.0	0.0
086089	10	81	25	0.0	12.821
086089	10	82	0	0.0	0.0
086123	10	10	60	37.975	34.091
086123	10	8	97	61.392	55.114
086123	10	80	1	0.0	0.568
086123	10	81	17	0.0	9.659
086123	10	82	1	0.0	0.568
086144	10	10	62	34.066	33.88
086144	10	8	105	57.692	57.377
086144	10	80	1	0.0	0.546
086144	10	81	0	0.0	0.0
086144	10	82	15	0.0	8.197
086145	10	10	58	40.0	37.179
086145	10	8	86	59.31	55.128
086145	10	80	0	0.0	0.0
086145	10	81	11	0.0	7.051
086145	10	82	1	0.0	0.641
086154	10	10	45	28.481	26.627
086154	10	8	113	71.519	66.864
086154	10	80	1	0.0	0.592
086154	10	81	10	0.0	5.917
086154	10	82	0	0.0	0.0
086177	10	10	63	42.0	36.0
086177	10	8	87	58.0	49.714
086177	10	80	2	0.0	1.143
086177	10	81	23	0.0	13.143
086177	10	82	0	0.0	0.0
086184	10	10	64	38.323	35.556
086184	10	8	101	60.479	56.111
086184	10	80	3	0.0	1.667
086184	10	81	10	0.0	5.556
086184	10	82	2	0.0	1.111
086185	10	10	52	37.143	33.766
086185	10	8	87	62.143	56.494
086185	10	80	1	0.0	0.649
086185	10	81	13	0.0	8.442
086185	10	82	1	0.0	0.649
086204	10	10	63	39.375	36.0
086204	10	8	97	60.625	55.429
086204	10	80	1	0.0	0.571
086204	10	81	14	0.0	8.0
086204	10	82	0	0.0	0.0
086212	10	10	63	37.5	34.807
086212	10	8	105	62.5	58.011
086212	10	80	2	0.0	1.105
086212	10	81	11	0.0	6.077
086212	10	82	0	0.0	0.0
086227	10	10	62	36.686	34.637
086227	10	8	106	62.722	59.218
086227	10	80	0	0.0	0.0
086227	10	81	10	0.0	5.587
086227	10	82	1	0.0	0.559
086235	10	10	48	34.783	32.0
086235	10	8	90	65.217	60.0
086235	10	80	0	0.0	0.0
086235	10	81	12	0.0	8.0
086235	10	82	0	0.0	0.0
086239	10	10	55	39.286	11.044
086239	10	8	85	60.714	17.068
086239	10	80	347	0.0	69.679
086239	10	81	11	0.0	2.209
086239	10	82	0	0.0	0.0
086240	10	10	36	24.324	7.229
086240	10	8	112	75.676	22.49
086240	10	80	328	0.0	65.863
086240	10	81	22	0.0	4.418
086240	10	82	0	0.0	0.0
086249	10	10	35	36.842	32.11
086249	10	8	60	63.158	55.046
086249	10	80	2	0.0	1.835
086249	10	81	12	0.0	11.009
086249	10	82	0	0.0	0.0
086286	10	10	19	35.849	35.185
086286	10	8	34	64.151	62.963
086286	10	80	0	0.0	0.0
086286	10	81	1	0.0	1.852
086286	10	82	0	0.0	0.0
086299	10	10	14	34.146	2.881
086299	10	8	27	65.854	5.556
086299	10	80	445	0.0	91.564
086299	10	81	0	0.0	0.0
086299	10	82	0	0.0	0.0
086318	10	10	29	32.584	31.183
086318	10	8	60	67.416	64.516
086318	10	80	0	0.0	0.0
086318	10	81	4	0.0	4.301
086318	10	82	0	0.0	0.0
086490	10	10	17	16.667	16.667
086490	10	8	84	82.353	82.353
086490	10	80	0	0.0	0.0
086490	10	81	0	0.0	0.0
086490	10	82	1	0.0	0.98
086579	10	10	10	14.085	14.085
086579	10	8	57	80.282	80.282
086579	10	80	0	0.0	0.0
086579	10	81	0	0.0	0.0
086579	10	82	4	0.0	5.634
086596	10	10	31	37.805	37.349
086596	10	8	50	60.976	60.241
086596	10	80	1	0.0	1.205
086596	10	81	0	0.0	0.0
086596	10	82	1	0.0	1.205
086608	10	10	16	29.63	29.63
086608	10	8	33	61.111	61.111
086608	10	80	0	0.0	0.0
086608	10	81	0	0.0	0.0
086608	10	82	5	0.0	9.259
086611	10	10	24	35.294	34.286
086611	10	8	44	64.706	62.857
086611	10	80	0	0.0	0.0
086611	10	81	2	0.0	2.857
086611	10	82	0	0.0	0.0
086612	10	10	18	28.571	27.692
086612	10	8	45	71.429	69.231
086612	10	80	0	0.0	0.0
086612	10	81	2	0.0	3.077
086612	10	82	0	0.0	0.0
086634	10	10	9	15.789	15.789
086634	10	8	46	80.702	80.702
086634	10	80	0	0.0	0.0
086634	10	81	0	0.0	0.0
086634	10	82	2	0.0	3.509
086635	10	10	14	20.0	20.0
086635	10	8	56	80.0	80.0
086635	10	80	0	0.0	0.0
086635	10	81	0	0.0	0.0
086635	10	82	0	0.0	0.0
086642	10	10	10	13.333	13.333
086642	10	8	65	86.667	86.667
086642	10	80	0	0.0	0.0
086642	10	81	0	0.0	0.0
086642	10	82	0	0.0	0.0
086645	10	10	0	0.0	0.0
086645	10	8	0	0.0	0.0
086645	10	80	0	0.0	0.0
086645	10	81	0	0.0	0.0
086645	10	82	0	0.0	0.0
086671	10	10	21	31.343	29.577
086671	10	8	46	68.657	64.789
086671	10	80	0	0.0	0.0
086671	10	81	4	0.0	5.634
086671	10	82	0	0.0	0.0
086719	10	10	24	28.916	28.571
086719	10	8	58	69.88	69.048
086719	10	80	0	0.0	0.0
086719	10	81	1	0.0	1.19
086719	10	82	1	0.0	1.19
086722	10	10	23	28.049	27.711
086722	10	8	58	70.732	69.88
086722	10	80	0	0.0	0.0
086722	10	81	1	0.0	1.205
086722	10	82	1	0.0	1.205
086739	10	10	32	33.684	33.684
086739	10	8	60	63.158	63.158
086739	10	80	0	0.0	0.0
086739	10	81	0	0.0	0.0
086739	10	82	3	0.0	3.158
086741	10	10	27	31.034	31.034
086741	10	8	57	65.517	65.517
086741	10	80	0	0.0	0.0
086741	10	81	0	0.0	0.0
086741	10	82	3	0.0	3.448
086743	10	10	21	22.826	21.875
086743	10	8	71	77.174	73.958
086743	10	80	0	0.0	0.0
086743	10	81	4	0.0	4.167
086743	10	82	0	0.0	0.0
086757	10	10	35	35.354	34.314
086757	10	8	64	64.646	62.745
086757	10	80	0	0.0	0.0
086757	10	81	3	0.0	2.941
086757	10	82	0	0.0	0.0
086794	10	10	18	21.951	20.93
086794	10	8	62	75.61	72.093
086794	10	80	0	0.0	0.0
086794	10	81	4	0.0	4.651
086794	10	82	2	0.0	2.326
086811	10	10	17	29.31	27.419
086811	10	8	41	70.69	66.129
086811	10	80	1	0.0	1.613
086811	10	81	3	0.0	4.839
086811	10	82	0	0.0	0.0
086812	10	10	17	21.795	20.482
086812	10	8	60	76.923	72.289
086812	10	80	0	0.0	0.0
086812	10	81	5	0.0	6.024
086812	10	82	1	0.0	1.205
086820	10	10	17	22.368	22.078
086820	10	8	58	76.316	75.325
086820	10	80	0	0.0	0.0
086820	10	81	1	0.0	1.299
086820	10	82	1	0.0	1.299
086834	10	10	15	17.442	17.442
086834	10	8	66	76.744	76.744
086834	10	80	0	0.0	0.0
086834	10	81	0	0.0	0.0
086834	10	82	5	0.0	5.814
086835	10	10	17	22.368	21.25
086835	10	8	59	77.632	73.75
086835	10	80	0	0.0	0.0
086835	10	81	4	0.0	5.0
086835	10	82	0	0.0	0.0
086905	10	10	18	21.951	21.951
086905	10	8	63	76.829	76.829
086905	10	80	0	0.0	0.0
086905	10	81	0	0.0	0.0
086905	10	82	1	0.0	1.22
086963	10	10	37	32.174	31.092
086963	10	8	78	67.826	65.546
086963	10	80	0	0.0	0.0
086963	10	81	4	0.0	3.361
086963	10	82	0	0.0	0.0
086969	10	10	29	32.222	30.851
086969	10	8	60	66.667	63.83
086969	10	80	1	0.0	1.064
086969	10	81	3	0.0	3.191
086969	10	82	1	0.0	1.064
086974	10	10	21	22.34	22.34
086974	10	8	70	74.468	74.468
086974	10	80	0	0.0	0.0
086974	10	81	0	0.0	0.0
086974	10	82	3	0.0	3.191
086979	10	10	29	60.417	55.769
086979	10	8	19	39.583	36.538
086979	10	80	0	0.0	0.0
086979	10	81	4	0.0	7.692
086979	10	82	0	0.0	0.0
087012	10	10	29	26.606	26.364
087012	10	8	78	71.56	70.909
087012	10	80	0	0.0	0.0
087012	10	81	1	0.0	0.909
087012	10	82	2	0.0	1.818
087013	10	10	24	21.818	21.818
087013	10	8	84	76.364	76.364
087013	10	80	0	0.0	0.0
087013	10	81	0	0.0	0.0
087013	10	82	2	0.0	1.818
087017	10	10	34	26.772	24.818
087017	10	8	93	73.228	67.883
087017	10	80	0	0.0	0.0
087017	10	81	10	0.0	7.299
087017	10	82	0	0.0	0.0
087046	10	10	54	28.421	26.733
087046	10	8	129	67.895	63.861
087046	10	80	1	0.0	0.495
087046	10	81	11	0.0	5.446
087046	10	82	7	0.0	3.465
087049	10	10	39	23.214	21.547
087049	10	8	129	76.786	71.271
087049	10	80	0	0.0	0.0
087049	10	81	13	0.0	7.182
087049	10	82	0	0.0	0.0
087112	10	10	7	11.475	11.475
087112	10	8	54	88.525	88.525
087112	10	80	0	0.0	0.0
087112	10	81	0	0.0	0.0
087112	10	82	0	0.0	0.0
087168	10	10	6	5.217	5.085
087168	10	8	107	93.043	90.678
087168	10	80	0	0.0	0.0
087168	10	81	3	0.0	2.542
087168	10	82	2	0.0	1.695
087226	10	10	36	34.615	33.333
087226	10	8	67	64.423	62.037
087226	10	80	1	0.0	0.926
087226	10	81	3	0.0	2.778
087226	10	82	1	0.0	0.926
087227	10	10	38	38.776	35.185
087227	10	8	59	60.204	54.63
087227	10	80	2	0.0	1.852
087227	10	81	8	0.0	7.407
087227	10	82	1	0.0	0.926
087228	10	10	38	41.758	39.175
087228	10	8	49	53.846	50.515
087228	10	80	0	0.0	0.0
087228	10	81	6	0.0	6.186
087228	10	82	4	0.0	4.124
087229	10	10	58	53.211	52.727
087229	10	8	50	45.872	45.455
087229	10	80	1	0.0	0.909
087229	10	81	0	0.0	0.0
087229	10	82	1	0.0	0.909
087231	10	10	50	43.86	43.478
087231	10	8	63	55.263	54.783
087231	10	80	1	0.0	0.87
087231	10	81	0	0.0	0.0
087231	10	82	1	0.0	0.87
087234	10	10	35	42.169	40.23
087234	10	8	47	56.627	54.023
087234	10	80	0	0.0	0.0
087234	10	81	4	0.0	4.598
087234	10	82	1	0.0	1.149
087241	10	10	86	48.045	46.739
087241	10	8	91	50.838	49.457
087241	10	80	0	0.0	0.0
087241	10	81	5	0.0	2.717
087241	10	82	2	0.0	1.087
087253	10	10	55	34.81	33.742
087253	10	8	102	64.557	62.577
087253	10	80	0	0.0	0.0
087253	10	81	5	0.0	3.067
087253	10	82	1	0.0	0.613
087273	10	10	51	38.346	35.172
087273	10	8	82	61.654	56.552
087273	10	80	2	0.0	1.379
087273	10	81	10	0.0	6.897
087273	10	82	0	0.0	0.0
087288	10	10	59	43.066	40.411
087288	10	8	77	56.204	52.74
087288	10	80	0	0.0	0.0
087288	10	81	9	0.0	6.164
087288	10	82	1	0.0	0.685
087318	10	10	50	39.683	37.313
087318	10	8	76	60.317	56.716
087318	10	80	1	0.0	0.746
087318	10	81	7	0.0	5.224
087318	10	82	0	0.0	0.0
087324	10	10	62	41.611	39.49
087324	10	8	82	55.034	52.229
087324	10	80	0	0.0	0.0
087324	10	81	8	0.0	5.096
087324	10	82	5	0.0	3.185
087330	10	10	53	36.301	33.125
087330	10	8	92	63.014	57.5
087330	10	80	1	0.0	0.625
087330	10	81	13	0.0	8.125
087330	10	82	1	0.0	0.625
087334	10	10	42	34.146	33.071
087334	10	8	81	65.854	63.78
087334	10	80	1	0.0	0.787
087334	10	81	3	0.0	2.362
087334	10	82	0	0.0	0.0
087350	10	10	63	46.324	44.056
087350	10	8	73	53.676	51.049
087350	10	80	0	0.0	0.0
087350	10	81	7	0.0	4.895
087350	10	82	0	0.0	0.0
087364	10	10	50	37.879	35.714
087364	10	8	82	62.121	58.571
087364	10	80	2	0.0	1.429
087364	10	81	6	0.0	4.286
087364	10	82	0	0.0	0.0
087395	10	10	0	0.0	0.0
087395	10	8	47	100.0	94.0
087395	10	80	0	0.0	0.0
087395	10	81	3	0.0	6.0
087395	10	82	0	0.0	0.0
087396	10	10	33	55.932	53.226
087396	10	8	26	44.068	41.935
087396	10	80	0	0.0	0.0
087396	10	81	3	0.0	4.839
087396	10	82	0	0.0	0.0
087397	10	10	24	32.432	31.579
087397	10	8	50	67.568	65.789
087397	10	80	0	0.0	0.0
087397	10	81	2	0.0	2.632
087397	10	82	0	0.0	0.0
087400	10	10	32	38.554	38.554
087400	10	8	48	57.831	57.831
087400	10	80	0	0.0	0.0
087400	10	81	0	0.0	0.0
087400	10	82	3	0.0	3.614
087403	10	10	30	43.478	43.478
087403	10	8	38	55.072	55.072
087403	10	80	0	0.0	0.0
087403	10	81	0	0.0	0.0
087403	10	82	1	0.0	1.449
087465	10	10	47	34.307	33.099
087465	10	8	89	64.964	62.676
087465	10	80	0	0.0	0.0
087465	10	81	5	0.0	3.521
087465	10	82	1	0.0	0.704
087466	10	10	40	27.211	26.144
087466	10	8	107	72.789	69.935
087466	10	80	0	0.0	0.0
087466	10	81	6	0.0	3.922
087466	10	82	0	0.0	0.0
087471	10	10	51	41.803	39.844
087471	10	8	70	57.377	54.688
087471	10	80	1	0.0	0.781
087471	10	81	5	0.0	3.906
087471	10	82	1	0.0	0.781
087476	10	10	43	35.833	34.127
087476	10	8	75	62.5	59.524
087476	10	80	1	0.0	0.794
087476	10	81	5	0.0	3.968
087476	10	82	2	0.0	1.587
087509	10	10	59	40.69	38.065
087509	10	8	77	53.103	49.677
087509	10	80	1	0.0	0.645
087509	10	81	9	0.0	5.806
087509	10	82	9	0.0	5.806
087537	10	10	46	34.074	32.168
087537	10	8	88	65.185	61.538
087537	10	80	0	0.0	0.0
087537	10	81	8	0.0	5.594
087537	10	82	1	0.0	0.699
087593	10	10	54	44.628	40.909
087593	10	8	65	53.719	49.242
087593	10	80	1	0.0	0.758
087593	10	81	10	0.0	7.576
087593	10	82	2	0.0	1.515
087604	10	10	50	37.313	35.461
087604	10	8	83	61.94	58.865
087604	10	80	1	0.0	0.709
087604	10	81	6	0.0	4.255
087604	10	82	1	0.0	0.709
087617	10	10	57	39.86	37.5
087617	10	8	85	59.441	55.921
087617	10	80	0	0.0	0.0
087617	10	81	9	0.0	5.921
087617	10	82	1	0.0	0.658
087698	10	10	55	61.111	57.292
087698	10	8	34	37.778	35.417
087698	10	80	2	0.0	2.083
087698	10	81	4	0.0	4.167
087698	10	82	1	0.0	1.042
087714	10	10	95	55.233	51.075
087714	10	8	76	44.186	40.86
087714	10	80	5	0.0	2.688
087714	10	81	9	0.0	4.839
087714	10	82	1	0.0	0.538
087721	10	10	84	54.194	50.909
087721	10	8	70	45.161	42.424
087721	10	80	0	0.0	0.0
087721	10	81	10	0.0	6.061
087721	10	82	1	0.0	0.606
087723	10	10	69	43.671	40.351
087723	10	8	88	55.696	51.462
087723	10	80	1	0.0	0.585
087723	10	81	12	0.0	7.018
087723	10	82	1	0.0	0.585
087728	10	10	37	37.374	35.238
087728	10	8	61	61.616	58.095
087728	10	80	0	0.0	0.0
087728	10	81	6	0.0	5.714
087728	10	82	1	0.0	0.952
087733	10	10	60	50.0	48.78
087733	10	8	58	48.333	47.154
087733	10	80	0	0.0	0.0
087733	10	81	3	0.0	2.439
087733	10	82	2	0.0	1.626
087758	10	10	86	59.722	56.954
087758	10	8	58	40.278	38.411
087758	10	80	1	0.0	0.662
087758	10	81	6	0.0	3.974
087758	10	82	0	0.0	0.0
087774	10	10	107	58.47	56.021
087774	10	8	76	41.53	39.791
087774	10	80	0	0.0	0.0
087774	10	81	8	0.0	4.188
087774	10	82	0	0.0	0.0
087779	10	10	105	51.471	49.528
087779	10	8	97	47.549	45.755
087779	10	80	1	0.0	0.472
087779	10	81	7	0.0	3.302
087779	10	82	2	0.0	0.943
087813	10	10	88	48.619	47.312
087813	10	8	92	50.829	49.462
087813	10	80	0	0.0	0.0
087813	10	81	5	0.0	2.688
087813	10	82	1	0.0	0.538
087827	10	10	67	13.9	13.427
087827	10	8	98	20.332	19.639
087827	10	80	0	0.0	0.0
087827	10	81	17	0.0	3.407
087827	10	82	317	0.0	63.527
087831	10	10	69	43.949	39.884
087831	10	8	83	52.866	47.977
087831	10	80	1	0.0	0.578
087831	10	81	15	0.0	8.671
087831	10	82	5	0.0	2.89
087838	10	10	77	50.993	50.0
087838	10	8	74	49.007	48.052
087838	10	80	0	0.0	0.0
087838	10	81	3	0.0	1.948
087838	10	82	0	0.0	0.0
087861	10	10	82	51.572	49.697
087861	10	8	75	47.17	45.455
087861	10	80	2	0.0	1.212
087861	10	81	4	0.0	2.424
087861	10	82	2	0.0	1.212
087863	10	10	69	39.655	38.122
087863	10	8	103	59.195	56.906
087863	10	80	2	0.0	1.105
087863	10	81	5	0.0	2.762
087863	10	82	2	0.0	1.105
087866	10	10	81	44.022	16.232
087866	10	8	103	55.978	20.641
087866	10	80	303	0.0	60.721
087866	10	81	12	0.0	2.405
087866	10	82	0	0.0	0.0
087876	10	10	77	44.767	42.541
087876	10	8	94	54.651	51.934
087876	10	80	2	0.0	1.105
087876	10	81	7	0.0	3.867
087876	10	82	1	0.0	0.552
087894	10	10	75	50.0	43.353
087894	10	8	75	50.0	43.353
087894	10	80	0	0.0	0.0
087894	10	81	23	0.0	13.295
087894	10	82	0	0.0	0.0
087917	10	10	174	51.176	30.58
087917	10	8	166	48.824	29.174
087917	10	80	112	0.0	19.684
087917	10	81	117	0.0	20.562
087917	10	82	0	0.0	0.0
087949	10	10	89	51.149	49.444
087949	10	8	84	48.276	46.667
087949	10	80	1	0.0	0.556
087949	10	81	5	0.0	2.778
087949	10	82	1	0.0	0.556
087950	10	10	98	54.749	52.406
087950	10	8	80	44.693	42.781
087950	10	80	2	0.0	1.07
087950	10	81	6	0.0	3.209
087950	10	82	1	0.0	0.535
087959	10	10	91	47.895	43.541
087959	10	8	98	51.579	46.89
087959	10	80	1	0.0	0.478
087959	10	81	18	0.0	8.612
087959	10	82	1	0.0	0.478
087960	10	10	88	47.059	45.596
087960	10	8	96	51.337	49.741
087960	10	80	0	0.0	0.0
087960	10	81	6	0.0	3.109
087960	10	82	3	0.0	1.554
087976	10	10	116	54.206	52.968
087976	10	8	82	38.318	37.443
087976	10	80	1	0.0	0.457
087976	10	81	4	0.0	1.826
087976	10	82	16	0.0	7.306
087979	10	10	113	53.052	50.0
087979	10	8	99	46.479	43.805
087979	10	80	2	0.0	0.885
087979	10	81	11	0.0	4.867
087979	10	82	1	0.0	0.442
088010	10	10	69	51.493	50.735
088010	10	8	64	47.761	47.059
088010	10	80	1	0.0	0.735
088010	10	81	1	0.0	0.735
088010	10	82	1	0.0	0.735
088029	10	10	53	37.857	35.57
088029	10	8	87	62.143	58.389
088029	10	80	1	0.0	0.671
088029	10	81	8	0.0	5.369
088029	10	82	0	0.0	0.0
088052	10	10	52	39.394	38.519
088052	10	8	79	59.848	58.519
088052	10	80	1	0.0	0.741
088052	10	81	2	0.0	1.481
088052	10	82	1	0.0	0.741
900337	10	10	94	51.934	50.0
900337	10	8	87	48.066	46.277
900337	10	80	1	0.0	0.532
900337	10	81	6	0.0	3.191
900337	10	82	0	0.0	0.0
900360	10	10	79	78.218	75.238
900360	10	8	22	21.782	20.952
900360	10	80	1	0.0	0.952
900360	10	81	3	0.0	2.857
900360	10	82	0	0.0	0.0
900619	10	10	110	55.276	39.146
900619	10	8	89	44.724	31.673
900619	10	80	62	0.0	22.064
900619	10	81	20	0.0	7.117
900619	10	82	0	0.0	0.0
900637	10	10	123	61.5	60.591
900637	10	8	72	36.0	35.468
900637	10	80	1	0.0	0.493
900637	10	81	2	0.0	0.985
900637	10	82	5	0.0	2.463
900650	10	10	169	71.008	67.6
900650	10	8	68	28.571	27.2
900650	10	80	2	0.0	0.8
900650	10	81	10	0.0	4.0
900650	10	82	1	0.0	0.4
900718	10	10	189	97.423	87.907
900718	10	8	5	2.577	2.326
900718	10	80	6	0.0	2.791
900718	10	81	15	0.0	6.977
900718	10	82	0	0.0	0.0
900720	10	10	177	94.149	85.507
900720	10	8	10	5.319	4.831
900720	10	80	8	0.0	3.865
900720	10	81	11	0.0	5.314
900720	10	82	1	0.0	0.483
900762	10	10	132	88.591	81.988
900762	10	8	17	11.409	10.559
900762	10	80	0	0.0	0.0
900762	10	81	12	0.0	7.453
900762	10	82	0	0.0	0.0
900919	10	10	150	84.746	78.534
900919	10	8	25	14.124	13.089
900919	10	80	0	0.0	0.0
900919	10	81	14	0.0	7.33
900919	10	82	2	0.0	1.047
901034	10	10	32	58.182	57.143
901034	10	8	23	41.818	41.071
901034	10	80	0	0.0	0.0
901034	10	81	1	0.0	1.786
901034	10	82	0	0.0	0.0
901066	10	10	86	46.237	40.952
901066	10	8	100	53.763	47.619
901066	10	80	2	0.0	0.952
901066	10	81	22	0.0	10.476
901066	10	82	0	0.0	0.0
901252	10	10	127	79.375	72.159
901252	10	8	33	20.625	18.75
901252	10	80	2	0.0	1.136
901252	10	81	14	0.0	7.955
901252	10	82	0	0.0	0.0
901268	10	10	85	62.044	53.797
901268	10	8	52	37.956	32.911
901268	10	80	2	0.0	1.266
901268	10	81	19	0.0	12.025
901268	10	82	0	0.0	0.0
901352	10	10	131	80.864	77.976
901352	10	8	31	19.136	18.452
901352	10	80	2	0.0	1.19
901352	10	81	4	0.0	2.381
901352	10	82	0	0.0	0.0
901813	10	10	175	92.593	81.776
901813	10	8	14	7.407	6.542
901813	10	80	2	0.0	0.935
901813	10	81	23	0.0	10.748
901813	10	82	0	0.0	0.0
901827	10	10	150	81.967	79.787
901827	10	8	32	17.486	17.021
901827	10	80	0	0.0	0.0
901827	10	81	5	0.0	2.66
901827	10	82	1	0.0	0.532
901832	10	10	118	84.286	80.822
901832	10	8	22	15.714	15.068
901832	10	80	1	0.0	0.685
901832	10	81	5	0.0	3.425
901832	10	82	0	0.0	0.0
901842	10	10	115	77.703	77.703
901842	10	8	26	17.568	17.568
901842	10	80	0	0.0	0.0
901842	10	81	0	0.0	0.0
901842	10	82	7	0.0	4.73
901844	10	10	142	81.609	80.682
901844	10	8	32	18.391	18.182
901844	10	80	0	0.0	0.0
901844	10	81	2	0.0	1.136
901844	10	82	0	0.0	0.0
902175	10	10	56	72.727	66.667
902175	10	8	21	27.273	25.0
902175	10	80	0	0.0	0.0
902175	10	81	7	0.0	8.333
902175	10	82	0	0.0	0.0
902258	10	10	111	77.622	71.154
902258	10	8	31	21.678	19.872
902258	10	80	2	0.0	1.282
902258	10	81	11	0.0	7.051
902258	10	82	1	0.0	0.641
902259	10	10	106	72.603	65.839
902259	10	8	40	27.397	24.845
902259	10	80	0	0.0	0.0
902259	10	81	15	0.0	9.317
902259	10	82	0	0.0	0.0
902266	10	10	159	83.246	78.325
902266	10	8	32	16.754	15.764
902266	10	80	2	0.0	0.985
902266	10	81	10	0.0	4.926
902266	10	82	0	0.0	0.0
902491	10	10	0	0.0	0.0
902491	10	8	55	100.0	93.22
902491	10	80	0	0.0	0.0
902491	10	81	4	0.0	6.78
902491	10	82	0	0.0	0.0
903142	10	10	0	0.0	0.0
903142	10	8	52	100.0	91.228
903142	10	80	2	0.0	3.509
903142	10	81	3	0.0	5.263
903142	10	82	0	0.0	0.0
903199	10	10	117	49.787	46.063
903199	10	8	118	50.213	46.457
903199	10	80	2	0.0	0.787
903199	10	81	17	0.0	6.693
903199	10	82	0	0.0	0.0
903263	10	10	81	36.986	34.914
903263	10	8	138	63.014	59.483
903263	10	80	1	0.0	0.431
903263	10	81	12	0.0	5.172
903263	10	82	0	0.0	0.0
903274	10	10	122	48.996	46.038
903274	10	8	125	50.201	47.17
903274	10	80	0	0.0	0.0
903274	10	81	16	0.0	6.038
903274	10	82	2	0.0	0.755
903537	10	10	27	29.032	26.471
903537	10	8	66	70.968	64.706
903537	10	80	1	0.0	0.98
903537	10	81	8	0.0	7.843
903537	10	82	0	0.0	0.0
903539	10	10	18	36.735	30.508
903539	10	8	31	63.265	52.542
903539	10	80	3	0.0	5.085
903539	10	81	7	0.0	11.864
903539	10	82	0	0.0	0.0
903782	10	10	66	29.73	26.4
903782	10	8	156	70.27	62.4
903782	10	80	7	0.0	2.8
903782	10	81	21	0.0	8.4
903782	10	82	0	0.0	0.0
903843	10	10	66	55.932	48.175
903843	10	8	52	44.068	37.956
903843	10	80	3	0.0	2.19
903843	10	81	16	0.0	11.679
903843	10	82	0	0.0	0.0
903847	10	10	133	81.595	68.912
903847	10	8	30	18.405	15.544
903847	10	80	8	0.0	4.145
903847	10	81	22	0.0	11.399
903847	10	82	0	0.0	0.0
904152	10	10	137	92.568	87.821
904152	10	8	11	7.432	7.051
904152	10	80	2	0.0	1.282
904152	10	81	6	0.0	3.846
904152	10	82	0	0.0	0.0
904286	10	10	139	93.289	85.802
904286	10	8	9	6.04	5.556
904286	10	80	2	0.0	1.235
904286	10	81	11	0.0	6.79
904286	10	82	1	0.0	0.617
904356	10	10	223	94.492	89.558
904356	10	8	12	5.085	4.819
904356	10	80	1	0.0	0.402
904356	10	81	12	0.0	4.819
904356	10	82	1	0.0	0.402
904369	10	10	110	76.389	70.064
904369	10	8	33	22.917	21.019
904369	10	80	1	0.0	0.637
904369	10	81	12	0.0	7.643
904369	10	82	1	0.0	0.637
904388	10	10	138	86.25	78.857
904388	10	8	22	13.75	12.571
904388	10	80	4	0.0	2.286
904388	10	81	11	0.0	6.286
904388	10	82	0	0.0	0.0
904642	10	10	32	39.506	29.63
904642	10	8	49	60.494	45.37
904642	10	80	5	0.0	4.63
904642	10	81	22	0.0	20.37
904642	10	82	0	0.0	0.0
